/*
SQLyog Ultimate v12.09 (64 bit)
MySQL - 5.1.73 : Database - test
*********************************************************************
*/

/*!40101 SET NAMES utf8 */;

/*!40101 SET SQL_MODE=''*/;

/*!40014 SET @OLD_UNIQUE_CHECKS=@@UNIQUE_CHECKS, UNIQUE_CHECKS=0 */;
/*!40014 SET @OLD_FOREIGN_KEY_CHECKS=@@FOREIGN_KEY_CHECKS, FOREIGN_KEY_CHECKS=0 */;
/*!40101 SET @OLD_SQL_MODE=@@SQL_MODE, SQL_MODE='NO_AUTO_VALUE_ON_ZERO' */;
/*!40111 SET @OLD_SQL_NOTES=@@SQL_NOTES, SQL_NOTES=0 */;
CREATE DATABASE /*!32312 IF NOT EXISTS*/`test` /*!40100 DEFAULT CHARACTER SET latin1 */;

USE `test`;

/*Table structure for table `auth_group` */

DROP TABLE IF EXISTS `auth_group`;

CREATE TABLE `auth_group` (
  `id` int(11) NOT NULL AUTO_INCREMENT,
  `name` varchar(80) CHARACTER SET latin1 NOT NULL,
  PRIMARY KEY (`id`),
  UNIQUE KEY `name` (`name`)
) ENGINE=MyISAM AUTO_INCREMENT=4 DEFAULT CHARSET=utf8 COLLATE=utf8_unicode_ci;

/*Data for the table `auth_group` */

insert  into `auth_group`(`id`,`name`) values (1,'test123'),(2,'testgroup'),(3,'dev');

/*Table structure for table `auth_group_permissions` */

DROP TABLE IF EXISTS `auth_group_permissions`;

CREATE TABLE `auth_group_permissions` (
  `id` int(11) NOT NULL AUTO_INCREMENT,
  `group_id` int(11) NOT NULL,
  `permission_id` int(11) NOT NULL,
  PRIMARY KEY (`id`),
  UNIQUE KEY `auth_group_permissions_group_id_permission_id_0cd325b0_uniq` (`group_id`,`permission_id`),
  KEY `auth_group_permissions_group_id_b120cbf9` (`group_id`),
  KEY `auth_group_permissions_permission_id_84c5c92e` (`permission_id`)
) ENGINE=MyISAM DEFAULT CHARSET=utf8 COLLATE=utf8_unicode_ci;

/*Data for the table `auth_group_permissions` */

/*Table structure for table `auth_permission` */

DROP TABLE IF EXISTS `auth_permission`;

CREATE TABLE `auth_permission` (
  `id` int(11) NOT NULL AUTO_INCREMENT,
  `name` varchar(255) CHARACTER SET latin1 NOT NULL,
  `content_type_id` int(11) NOT NULL,
  `codename` varchar(100) CHARACTER SET latin1 NOT NULL,
  PRIMARY KEY (`id`),
  UNIQUE KEY `auth_permission_content_type_id_codename_01ab375a_uniq` (`content_type_id`,`codename`),
  KEY `auth_permission_content_type_id_2f476e4b` (`content_type_id`)
) ENGINE=MyISAM AUTO_INCREMENT=25 DEFAULT CHARSET=utf8 COLLATE=utf8_unicode_ci;

/*Data for the table `auth_permission` */

insert  into `auth_permission`(`id`,`name`,`content_type_id`,`codename`) values (1,'Can add log entry',1,'add_logentry'),(2,'Can change log entry',1,'change_logentry'),(3,'Can delete log entry',1,'delete_logentry'),(4,'Can add group',2,'add_group'),(5,'Can change group',2,'change_group'),(6,'Can delete group',2,'delete_group'),(7,'Can add permission',3,'add_permission'),(8,'Can change permission',3,'change_permission'),(9,'Can delete permission',3,'delete_permission'),(10,'Can add user',4,'add_user'),(11,'Can change user',4,'change_user'),(12,'Can delete user',4,'delete_user'),(13,'Can add content type',5,'add_contenttype'),(14,'Can change content type',5,'change_contenttype'),(15,'Can delete content type',5,'delete_contenttype'),(16,'Can add session',6,'add_session'),(17,'Can change session',6,'change_session'),(18,'Can delete session',6,'delete_session'),(19,'Can add consumer',7,'add_consumer'),(20,'Can change consumer',7,'change_consumer'),(21,'Can delete consumer',7,'delete_consumer'),(22,'Can add token',8,'add_token'),(23,'Can change token',8,'change_token'),(24,'Can delete token',8,'delete_token');

/*Table structure for table `auth_user` */

DROP TABLE IF EXISTS `auth_user`;

CREATE TABLE `auth_user` (
  `id` int(11) NOT NULL AUTO_INCREMENT,
  `password` varchar(128) CHARACTER SET latin1 NOT NULL,
  `last_login` datetime DEFAULT NULL,
  `is_superuser` tinyint(1) NOT NULL,
  `username` varchar(150) CHARACTER SET latin1 NOT NULL,
  `first_name` varchar(30) CHARACTER SET latin1 NOT NULL,
  `last_name` varchar(30) CHARACTER SET latin1 NOT NULL,
  `email` varchar(254) CHARACTER SET latin1 NOT NULL,
  `is_staff` tinyint(1) NOT NULL,
  `is_active` tinyint(1) NOT NULL,
  `date_joined` datetime NOT NULL,
  PRIMARY KEY (`id`),
  UNIQUE KEY `username` (`username`)
) ENGINE=MyISAM AUTO_INCREMENT=6 DEFAULT CHARSET=utf8 COLLATE=utf8_unicode_ci;

/*Data for the table `auth_user` */

insert  into `auth_user`(`id`,`password`,`last_login`,`is_superuser`,`username`,`first_name`,`last_name`,`email`,`is_staff`,`is_active`,`date_joined`) values (1,'pbkdf2_sha256$36000$Ylzd6PTw7tNa$kHp43pDGJgA9UtWlrxSkAjpgI6AcTcmb1iG2PsU83Qc=','2017-12-19 03:07:31',1,'yinzhixin','','','yinzhixin@51talk.com',1,1,'2017-08-30 07:16:00'),(2,'pbkdf2_sha256$36000$0bPmTSMwZuaR$JSISo+hshkDcybId6MjMoWgFIg7Jqr2noOrJkcPsX2A=','2017-09-05 06:47:15',0,'test','','','',1,1,'2017-09-01 07:24:00'),(3,'pbkdf2_sha256$36000$rHwDHEwl5oqG$8fdBddW+0FW2562dansVOTxxZl0EtaMFtye/L3K5/mQ=','2017-09-05 06:47:31',0,'svcdev','','','',1,1,'2017-09-04 08:22:00'),(4,'pbkdf2_sha256$36000$hsFl6CA07oPj$yQ5PyxVcSesgPX29TewzmhMykdbe1pI3//hXv9JRfAY=','2017-09-05 06:48:19',0,'nogroup','','','',1,1,'2017-09-04 09:19:00'),(5,'pbkdf2_sha256$36000$9YuoCyGCwcCD$Y0ZDpe8vE61eGS7HHJGhBJlVoxFjX1YgL1SbSP+G1zk=','2017-09-05 06:55:35',1,'svcadmin','','','',1,1,'2017-09-05 06:54:54');

/*Table structure for table `auth_user_groups` */

DROP TABLE IF EXISTS `auth_user_groups`;

CREATE TABLE `auth_user_groups` (
  `id` int(11) NOT NULL AUTO_INCREMENT,
  `user_id` int(11) NOT NULL,
  `group_id` int(11) NOT NULL,
  PRIMARY KEY (`id`),
  UNIQUE KEY `auth_user_groups_user_id_group_id_94350c0c_uniq` (`user_id`,`group_id`),
  KEY `auth_user_groups_user_id_6a12ed8b` (`user_id`),
  KEY `auth_user_groups_group_id_97559544` (`group_id`)
) ENGINE=MyISAM AUTO_INCREMENT=5 DEFAULT CHARSET=utf8 COLLATE=utf8_unicode_ci;

/*Data for the table `auth_user_groups` */

insert  into `auth_user_groups`(`id`,`user_id`,`group_id`) values (1,2,2),(4,3,3),(3,1,3);

/*Table structure for table `auth_user_user_permissions` */

DROP TABLE IF EXISTS `auth_user_user_permissions`;

CREATE TABLE `auth_user_user_permissions` (
  `id` int(11) NOT NULL AUTO_INCREMENT,
  `user_id` int(11) NOT NULL,
  `permission_id` int(11) NOT NULL,
  PRIMARY KEY (`id`),
  UNIQUE KEY `auth_user_user_permissions_user_id_permission_id_14a6b632_uniq` (`user_id`,`permission_id`),
  KEY `auth_user_user_permissions_user_id_a95ead1b` (`user_id`),
  KEY `auth_user_user_permissions_permission_id_1fbb5f2c` (`permission_id`)
) ENGINE=MyISAM DEFAULT CHARSET=utf8 COLLATE=utf8_unicode_ci;

/*Data for the table `auth_user_user_permissions` */

/*Table structure for table `auto_test_record` */

DROP TABLE IF EXISTS `auto_test_record`;

CREATE TABLE `auto_test_record` (
  `id` int(11) NOT NULL AUTO_INCREMENT,
  `job_name` varchar(255) COLLATE utf8_unicode_ci NOT NULL COMMENT '任务名称 P0 P1 P2为case级别',
  `build_no` int(32) NOT NULL,
  `total_executed` int(11) NOT NULL DEFAULT '0' COMMENT 'case总数',
  `success_count` int(11) DEFAULT '0' COMMENT '通过数',
  `error_count` int(11) DEFAULT '0' COMMENT '异常数',
  `failure_count` int(11) DEFAULT '0' COMMENT '失败数',
  `status` tinyint(2) NOT NULL DEFAULT '1' COMMENT '运行状态:0-失败,1-运行中,2-已结束,3-手动终止',
  `start_time` datetime DEFAULT NULL COMMENT '开始时间',
  `end_time` datetime DEFAULT NULL COMMENT '结束时间',
  `report_url` varchar(255) COLLATE utf8_unicode_ci DEFAULT NULL COMMENT '测试报告链接',
  `fail_info` text COLLATE utf8_unicode_ci COMMENT 'case失败详细信息',
  `error_info` text COLLATE utf8_unicode_ci COMMENT 'case错误详细信息',
  PRIMARY KEY (`id`)
) ENGINE=InnoDB AUTO_INCREMENT=55 DEFAULT CHARSET=utf8 COLLATE=utf8_unicode_ci COMMENT='接口自动化测试记录表';

/*Data for the table `auto_test_record` */

insert  into `auto_test_record`(`id`,`job_name`,`build_no`,`total_executed`,`success_count`,`error_count`,`failure_count`,`status`,`start_time`,`end_time`,`report_url`,`fail_info`,`error_info`) values (1,'123',0,0,0,0,0,1,'0000-00-00 00:00:00',NULL,NULL,NULL,NULL),(2,'123',0,0,0,0,0,1,'0000-00-00 00:00:00',NULL,NULL,NULL,NULL),(3,'123',0,0,0,0,0,1,'0000-00-00 00:00:00',NULL,NULL,NULL,NULL),(4,'123',0,0,0,0,0,1,'0000-00-00 00:00:00',NULL,NULL,NULL,NULL),(5,'123',0,0,0,0,0,1,'0000-00-00 00:00:00',NULL,NULL,NULL,NULL),(6,'123',0,0,0,0,0,1,'0000-00-00 00:00:00',NULL,NULL,NULL,NULL),(7,'123',0,0,0,0,0,1,'0000-00-00 00:00:00',NULL,NULL,NULL,NULL),(8,'123',0,0,0,0,0,1,'0000-00-00 00:00:00',NULL,NULL,NULL,NULL),(9,'123',0,0,0,0,0,1,'0000-00-00 00:00:00',NULL,NULL,NULL,NULL),(10,'123',0,0,0,0,0,1,'0000-00-00 00:00:00',NULL,NULL,NULL,NULL),(11,'123',0,0,0,0,0,1,'0000-00-00 00:00:00',NULL,NULL,NULL,NULL),(12,'123',0,0,0,0,0,1,'0000-00-00 00:00:00',NULL,NULL,NULL,NULL),(13,'123',0,0,0,0,999,1,'0000-00-00 00:00:00',NULL,NULL,NULL,NULL),(14,'123',0,0,0,0,999,1,'0000-00-00 00:00:00',NULL,NULL,NULL,NULL),(15,'123',0,0,0,0,999,1,'0000-00-00 00:00:00',NULL,NULL,NULL,NULL),(16,'123',0,8,0,0,999,1,'0000-00-00 00:00:00',NULL,NULL,NULL,NULL),(17,'123',0,888,0,0,999,1,'0000-00-00 00:00:00',NULL,NULL,NULL,NULL),(18,'p0',0,88,85,0,0,1,'0000-00-00 00:00:00',NULL,NULL,NULL,NULL),(19,'p0',0,88,85,0,0,1,'0000-00-00 00:00:00',NULL,NULL,NULL,NULL),(20,'p1',0,38,25,0,10,1,'0000-00-00 00:00:00',NULL,NULL,NULL,NULL),(21,'p1',0,8,0,0,0,1,'2017-09-08 16:17:28','2017-09-08 16:17:49',NULL,NULL,NULL),(22,'p0',0,8,0,0,0,1,'2017-09-08 16:17:32','2017-09-08 16:17:32',NULL,NULL,NULL),(23,'p1',0,18,8,0,8,0,'2017-09-08 16:19:08','2017-09-08 16:21:43',NULL,NULL,NULL),(24,'p0',0,54,52,0,0,0,'2017-09-08 16:19:10','2017-09-08 16:21:46',NULL,NULL,NULL),(25,'123',0,8,0,0,0,1,'2017-09-08 16:33:28',NULL,NULL,NULL,NULL),(26,'123',0,8,0,0,0,1,'2017-09-08 16:34:03',NULL,NULL,NULL,NULL),(27,'123',0,8,0,0,0,1,'2017-09-08 18:19:33',NULL,NULL,NULL,NULL),(28,'123',0,8,0,0,0,1,'2017-09-08 18:19:52',NULL,NULL,NULL,NULL),(29,'123',0,888,0,0,999,1,'2017-09-08 18:20:29',NULL,NULL,NULL,NULL),(30,'123',0,888,0,0,999,1,'2017-09-08 18:20:58',NULL,NULL,NULL,NULL),(31,'123',0,888,0,0,999,1,'2017-09-08 18:34:45',NULL,NULL,NULL,NULL),(32,'p1',0,40,28,1,11,1,'2017-09-08 18:35:05',NULL,NULL,NULL,NULL),(33,'p0',0,93,86,3,0,1,'2017-09-08 18:35:09',NULL,NULL,NULL,NULL),(34,'p1',0,40,29,1,10,2,'2017-09-08 18:42:21','2017-09-08 18:49:27',NULL,NULL,NULL),(35,'p0',0,93,86,3,0,2,'2017-09-08 18:42:37','2017-09-08 18:46:14',NULL,NULL,NULL),(36,'p0',0,93,86,3,0,2,'2017-09-08 19:20:56','2017-09-08 19:24:32','report_p0/runner_report111.html',NULL,NULL),(37,'SVC_Case_P2',8,40,29,1,10,3,'2017-09-08 19:21:01','2017-09-08 19:28:09','report_p1/runner_report222.html',NULL,NULL),(38,'SVC_Case_P1',48,40,26,1,13,2,'2017-09-11 14:36:33','2017-09-11 14:46:23','report_p1/test_report20170911.html',NULL,NULL),(39,'123',456,888,0,0,999,1,'2017-09-12 15:16:03',NULL,NULL,NULL,NULL),(40,'SVC_Case_P2',9,51,40,0,11,2,'2017-09-12 15:43:16','2017-09-12 15:46:31','report_p2/test_report20170801.html',NULL,NULL),(41,'123',456,888,0,0,999,1,'2017-09-13 10:17:54',NULL,NULL,NULL,NULL),(42,'123',456,0,0,0,0,1,'2017-09-14 14:10:55',NULL,NULL,NULL,NULL),(43,'123',456,0,0,0,0,1,'2017-09-14 14:13:15',NULL,NULL,NULL,NULL),(44,'123',456,888,888,888,999,2,'2017-09-14 14:15:22',NULL,NULL,NULL,NULL),(45,'123',456,888,888,888,999,2,'2017-09-14 14:24:25',NULL,NULL,NULL,NULL),(46,'123',456,888,888,888,999,2,'2017-09-14 14:26:07','2017-09-14 14:26:07',NULL,NULL,NULL),(47,'SVC_Case_P2',123123,1,0,0,1,0,'2017-11-17 16:34:44','2017-11-17 16:38:29',NULL,'[]','[]'),(48,'SVC_Case_P1',456456,4,3,1,0,0,'2017-11-17 16:39:15','2017-11-17 16:40:29',NULL,'[]','[]'),(49,'SVC_Case_P1',456456,40,36,0,4,0,'2017-11-17 16:47:24','2017-11-17 16:56:51',NULL,'[{\"info\": \"Traceback (most recent call last):\\n  File \\\"F:\\\\italk_runner_new\\\\runner\\\\tests\\\\P1\\\\testPVP_ExperienceCourse.py\\\", line 52, in testExpCourseWorkFlow\\n    self.assertEqual(0, stu_req_result.get(\'RspCode\', None),\'\\u5b66\\u751f\\u53d1\\u8d77\\u4f53\\u9a8c\\u8bfe\\u547c\\u53eb: 0x00130080 No response\')\\nAssertionError: \\\\u5b66\\\\u751f\\\\u53d1\\\\u8d77\\\\u4f53\\\\u9a8c\\\\u8bfe\\\\u547c\\\\u53eb: 0x00130080 No response\\n\", \"case_name\": \"testPVP_ExperienceCourse\"}, {\"info\": \"Traceback (most recent call last):\\n  File \\\"F:\\\\italk_runner_new\\\\runner\\\\tests\\\\P1\\\\testRedisData.py\\\", line 132, in test_queue_ac_enter_class_info\\n    self.assertEqual(CLASS_CID, result.get(\'CID\'))\\nAssertionError: 69000778532502374L != 144115188075861399L\\n\", \"case_name\": \"testRedisData\"}, {\"info\": \"Traceback (most recent call last):\\n  File \\\"F:\\\\italk_runner_new\\\\runner\\\\tests\\\\P1\\\\testRedisData.py\\\", line 115, in test_queue_ac_user_login_info\\n    self.assertEqual(USER_UID_1, result.get(\'UID\'))\\nAssertionError: 31230550012163503L != 144115188075857906L\\n\", \"case_name\": \"testRedisData\"}, {\"info\": \"Traceback (most recent call last):\\n  File \\\"F:\\\\italk_runner_new\\\\runner\\\\tests\\\\P1\\\\testSubscribCourseNotify.py\\\", line 43, in test_subscribe_course_notify\\n    0\\nAssertionError: None != 0\\n\", \"case_name\": \"testSubscribCourseNotify\"}]','[]'),(50,'SVC_Case_P2',123123,51,38,0,13,2,'2017-11-17 16:58:46','2017-11-17 17:01:53','SVC_Case_P2/test_report/test_report123123.html','[{\"info\": \"Traceback (most recent call last):\\n  File \\\"F:\\\\italk_runner_new\\\\runner\\\\tests\\\\P2\\\\testChangeClientStatus.py\\\", line 68, in test_change_status_busy\\n    chr(test_status)\\nAssertionError: None != \'\\\\x01\'\\n\", \"case_name\": \"testChangeClientStatus\"}, {\"info\": \"Traceback (most recent call last):\\n  File \\\"F:\\\\italk_runner_new\\\\runner\\\\tests\\\\P2\\\\testChangeClientStatus.py\\\", line 60, in test_change_status_dont_bother\\n    chr(test_status)\\nAssertionError: None != \'\\\\x02\'\\n\", \"case_name\": \"testChangeClientStatus\"}, {\"info\": \"Traceback (most recent call last):\\n  File \\\"F:\\\\italk_runner_new\\\\runner\\\\tests\\\\P2\\\\testChangeClientStatus.py\\\", line 44, in test_change_status_hiding\\n    chr(test_status)\\nAssertionError: None != \'\\\\x04\'\\n\", \"case_name\": \"testChangeClientStatus\"}, {\"info\": \"Traceback (most recent call last):\\n  File \\\"F:\\\\italk_runner_new\\\\runner\\\\tests\\\\P2\\\\testChangeClientStatus.py\\\", line 52, in test_change_status_leave\\n    chr(test_status)\\nAssertionError: None != \'\\\\x03\'\\n\", \"case_name\": \"testChangeClientStatus\"}, {\"info\": \"Traceback (most recent call last):\\n  File \\\"F:\\\\italk_runner_new\\\\runner\\\\tests\\\\P2\\\\testChangeClientStatus.py\\\", line 76, in test_change_status_online\\n    chr(test_status)\\nAssertionError: None != \'\\\\x00\'\\n\", \"case_name\": \"testChangeClientStatus\"}, {\"info\": \"Traceback (most recent call last):\\n  File \\\"F:\\\\italk_runner_new\\\\runner\\\\tests\\\\P2\\\\testClassSetCommon.py\\\", line 71, in test_1v1_class_common_notify\\n    int(SET_DATA)\\nAssertionError: 0 != 1\\n\", \"case_name\": \"testClassSetCommon\"}, {\"info\": \"Traceback (most recent call last):\\n  File \\\"F:\\\\italk_runner_new\\\\runner\\\\tests\\\\P2\\\\testClassSetCommon.py\\\", line 145, in test_b2s_class_common_notify\\n    int(SET_DATA | 0x010 )\\nAssertionError: 16 != 17\\n\", \"case_name\": \"testClassSetCommon\"}, {\"info\": \"Traceback (most recent call last):\\n  File \\\"F:\\\\italk_runner_new\\\\runner\\\\tests\\\\P2\\\\testClassSetCommon.py\\\", line 108, in test_public_class_common_notify\\n    int(SET_DATA | 0x010 ) # \\u5176\\u4ed6\\u8bbe\\u7f6e\\u4e0d\\u53d8\\uff0c\\u5355\\u72ec\\u6253\\u5f00\\u7981\\u8a00\\nAssertionError: 16 != 17\\n\", \"case_name\": \"testClassSetCommon\"}, {\"info\": \"Traceback (most recent call last):\\n  File \\\"F:\\\\italk_runner_new\\\\runner\\\\tests\\\\P2\\\\testGroupOfflineChatMessage.py\\\", line 59, in test_offline_message_in_group\\n    long(self.gid)\\nAssertionError: None != 72057594037927939L\\n\", \"case_name\": \"testGroupOfflineChatMessage\"}, {\"info\": \"Traceback (most recent call last):\\n  File \\\"F:\\\\italk_runner_new\\\\runner\\\\tests\\\\P2\\\\testPVP_AppQA.py\\\", line 50, in testAppQaNotify\\n    self.assertIsNone(notify_result)\\nAssertionError: {\'result\': \'time out\'} is not None\\n\", \"case_name\": \"testPVP_AppQA\"}, {\"info\": \"Traceback (most recent call last):\\n  File \\\"F:\\\\italk_runner_new\\\\runner\\\\tests\\\\P2\\\\testReceviceChatInGroup.py\\\", line 48, in test_chat_in_group\\n    self.assertEqual(message.get(\'ChatMsg\'), str(CHAT_MESSAGE))\\nAssertionError: None != \'test message\'\\n\", \"case_name\": \"testReceviceChatInGroup\"}, {\"info\": \"Traceback (most recent call last):\\n  File \\\"F:\\\\italk_runner_new\\\\runner\\\\tests\\\\P2\\\\testSetClientCacheExpireTime.py\\\", line 40, in test_set_client_expire_time\\n    EXPRIE_TIME\\nAssertionError: 14 != 50\\n\", \"case_name\": \"testSetClientCacheExpireTime\"}, {\"info\": \"Traceback (most recent call last):\\n  File \\\"F:\\\\italk_runner_new\\\\runner\\\\tests\\\\P2\\\\testSetServerTimeCheckInterval.py\\\", line 40, in test_set_server_time_check_interval\\n    TEST_TIME\\nAssertionError: 5 != 50\\n\", \"case_name\": \"testSetServerTimeCheckInterval\"}]','[]'),(51,'SVC_Case_P2',123123,51,39,0,12,2,'2017-11-17 17:46:58','2017-11-17 17:50:07','SVC_Case_P2/test_report/test_report123123.html','[{\"info\": \"Traceback (most recent call last):\\n  File \\\"F:\\\\italk_runner_new\\\\runner\\\\tests\\\\P2\\\\testChangeClientStatus.py\\\", line 68, in test_change_status_busy\\n    chr(test_status)\\nAssertionError: None != \'\\\\x01\'\\n\", \"case_name\": \"testChangeClientStatus\"}, {\"info\": \"Traceback (most recent call last):\\n  File \\\"F:\\\\italk_runner_new\\\\runner\\\\tests\\\\P2\\\\testChangeClientStatus.py\\\", line 60, in test_change_status_dont_bother\\n    chr(test_status)\\nAssertionError: None != \'\\\\x02\'\\n\", \"case_name\": \"testChangeClientStatus\"}, {\"info\": \"Traceback (most recent call last):\\n  File \\\"F:\\\\italk_runner_new\\\\runner\\\\tests\\\\P2\\\\testChangeClientStatus.py\\\", line 44, in test_change_status_hiding\\n    chr(test_status)\\nAssertionError: None != \'\\\\x04\'\\n\", \"case_name\": \"testChangeClientStatus\"}, {\"info\": \"Traceback (most recent call last):\\n  File \\\"F:\\\\italk_runner_new\\\\runner\\\\tests\\\\P2\\\\testChangeClientStatus.py\\\", line 52, in test_change_status_leave\\n    chr(test_status)\\nAssertionError: None != \'\\\\x03\'\\n\", \"case_name\": \"testChangeClientStatus\"}, {\"info\": \"Traceback (most recent call last):\\n  File \\\"F:\\\\italk_runner_new\\\\runner\\\\tests\\\\P2\\\\testChangeClientStatus.py\\\", line 76, in test_change_status_online\\n    chr(test_status)\\nAssertionError: None != \'\\\\x00\'\\n\", \"case_name\": \"testChangeClientStatus\"}, {\"info\": \"Traceback (most recent call last):\\n  File \\\"F:\\\\italk_runner_new\\\\runner\\\\tests\\\\P2\\\\testClassSetCommon.py\\\", line 71, in test_1v1_class_common_notify\\n    int(SET_DATA)\\nAssertionError: 0 != 1\\n\", \"case_name\": \"testClassSetCommon\"}, {\"info\": \"Traceback (most recent call last):\\n  File \\\"F:\\\\italk_runner_new\\\\runner\\\\tests\\\\P2\\\\testClassSetCommon.py\\\", line 145, in test_b2s_class_common_notify\\n    int(SET_DATA | 0x010 )\\nAssertionError: 16 != 17\\n\", \"case_name\": \"testClassSetCommon\"}, {\"info\": \"Traceback (most recent call last):\\n  File \\\"F:\\\\italk_runner_new\\\\runner\\\\tests\\\\P2\\\\testClassSetCommon.py\\\", line 89, in test_public_class_common_notify\\n    self.assertEqual(result.get(\\\"Set\\\"), int(SET_DATA))\\nAssertionError: None != 1\\n\", \"case_name\": \"testClassSetCommon\"}, {\"info\": \"Traceback (most recent call last):\\n  File \\\"F:\\\\italk_runner_new\\\\runner\\\\tests\\\\P2\\\\testGroupOfflineChatMessage.py\\\", line 59, in test_offline_message_in_group\\n    long(self.gid)\\nAssertionError: None != 72057594037927943L\\n\", \"case_name\": \"testGroupOfflineChatMessage\"}, {\"info\": \"Traceback (most recent call last):\\n  File \\\"F:\\\\italk_runner_new\\\\runner\\\\tests\\\\P2\\\\testPVP_AppQA.py\\\", line 50, in testAppQaNotify\\n    self.assertIsNone(notify_result)\\nAssertionError: {\'result\': \'time out\'} is not None\\n\", \"case_name\": \"testPVP_AppQA\"}, {\"info\": \"Traceback (most recent call last):\\n  File \\\"F:\\\\italk_runner_new\\\\runner\\\\tests\\\\P2\\\\testReceviceChatInGroup.py\\\", line 48, in test_chat_in_group\\n    self.assertEqual(message.get(\'ChatMsg\'), str(CHAT_MESSAGE))\\nAssertionError: None != \'test message\'\\n\", \"case_name\": \"testReceviceChatInGroup\"}, {\"info\": \"Traceback (most recent call last):\\n  File \\\"F:\\\\italk_runner_new\\\\runner\\\\tests\\\\P2\\\\testSetServerTimeCheckInterval.py\\\", line 40, in test_set_server_time_check_interval\\n    TEST_TIME\\nAssertionError: 5 != 50\\n\", \"case_name\": \"testSetServerTimeCheckInterval\"}]','[]'),(52,'SVC_Case_P2',123123,51,38,0,13,2,'2017-11-20 11:27:54','2017-11-20 11:31:14','SVC_Case_P2/test_report/test_report123123.html','[{\"info\": \"Traceback (most recent call last):\\n  File \\\"F:\\\\italk_runner_new\\\\runner\\\\tests\\\\P2\\\\testChangeClientStatus.py\\\", line 68, in test_change_status_busy\\n    chr(test_status)\\nAssertionError: None != \'\\\\x01\'\\n\", \"case_name\": \"testChangeClientStatus\"}, {\"info\": \"Traceback (most recent call last):\\n  File \\\"F:\\\\italk_runner_new\\\\runner\\\\tests\\\\P2\\\\testChangeClientStatus.py\\\", line 60, in test_change_status_dont_bother\\n    chr(test_status)\\nAssertionError: None != \'\\\\x02\'\\n\", \"case_name\": \"testChangeClientStatus\"}, {\"info\": \"Traceback (most recent call last):\\n  File \\\"F:\\\\italk_runner_new\\\\runner\\\\tests\\\\P2\\\\testChangeClientStatus.py\\\", line 44, in test_change_status_hiding\\n    chr(test_status)\\nAssertionError: None != \'\\\\x04\'\\n\", \"case_name\": \"testChangeClientStatus\"}, {\"info\": \"Traceback (most recent call last):\\n  File \\\"F:\\\\italk_runner_new\\\\runner\\\\tests\\\\P2\\\\testChangeClientStatus.py\\\", line 52, in test_change_status_leave\\n    chr(test_status)\\nAssertionError: None != \'\\\\x03\'\\n\", \"case_name\": \"testChangeClientStatus\"}, {\"info\": \"Traceback (most recent call last):\\n  File \\\"F:\\\\italk_runner_new\\\\runner\\\\tests\\\\P2\\\\testChangeClientStatus.py\\\", line 76, in test_change_status_online\\n    chr(test_status)\\nAssertionError: None != \'\\\\x00\'\\n\", \"case_name\": \"testChangeClientStatus\"}, {\"info\": \"Traceback (most recent call last):\\n  File \\\"F:\\\\italk_runner_new\\\\runner\\\\tests\\\\P2\\\\testClassSetCommon.py\\\", line 71, in test_1v1_class_common_notify\\n    int(SET_DATA)\\nAssertionError: 0 != 1\\n\", \"case_name\": \"testClassSetCommon\"}, {\"info\": \"Traceback (most recent call last):\\n  File \\\"F:\\\\italk_runner_new\\\\runner\\\\tests\\\\P2\\\\testClassSetCommon.py\\\", line 126, in test_b2s_class_common_notify\\n    self.assertEqual(result.get(\\\"Set\\\"), int(SET_DATA))\\nAssertionError: None != 1\\n\", \"case_name\": \"testClassSetCommon\"}, {\"info\": \"Traceback (most recent call last):\\n  File \\\"F:\\\\italk_runner_new\\\\runner\\\\tests\\\\P2\\\\testClassSetCommon.py\\\", line 108, in test_public_class_common_notify\\n    int(SET_DATA | 0x010 ) # \\u5176\\u4ed6\\u8bbe\\u7f6e\\u4e0d\\u53d8\\uff0c\\u5355\\u72ec\\u6253\\u5f00\\u7981\\u8a00\\nAssertionError: 16 != 17\\n\", \"case_name\": \"testClassSetCommon\"}, {\"info\": \"Traceback (most recent call last):\\n  File \\\"F:\\\\italk_runner_new\\\\runner\\\\tests\\\\P2\\\\testGroupOfflineChatMessage.py\\\", line 59, in test_offline_message_in_group\\n    long(self.gid)\\nAssertionError: None != 72057594037927947L\\n\", \"case_name\": \"testGroupOfflineChatMessage\"}, {\"info\": \"Traceback (most recent call last):\\n  File \\\"F:\\\\italk_runner_new\\\\runner\\\\tests\\\\P2\\\\testPVP_AppQA.py\\\", line 50, in testAppQaNotify\\n    self.assertIsNone(notify_result)\\nAssertionError: {\'result\': \'time out\'} is not None\\n\", \"case_name\": \"testPVP_AppQA\"}, {\"info\": \"Traceback (most recent call last):\\n  File \\\"F:\\\\italk_runner_new\\\\runner\\\\tests\\\\P2\\\\testReceviceChatInGroup.py\\\", line 48, in test_chat_in_group\\n    self.assertEqual(message.get(\'ChatMsg\'), str(CHAT_MESSAGE))\\nAssertionError: None != \'test message\'\\n\", \"case_name\": \"testReceviceChatInGroup\"}, {\"info\": \"Traceback (most recent call last):\\n  File \\\"F:\\\\italk_runner_new\\\\runner\\\\tests\\\\P2\\\\testSetClientCacheExpireTime.py\\\", line 40, in test_set_client_expire_time\\n    EXPRIE_TIME\\nAssertionError: 14 != 50\\n\", \"case_name\": \"testSetClientCacheExpireTime\"}, {\"info\": \"Traceback (most recent call last):\\n  File \\\"F:\\\\italk_runner_new\\\\runner\\\\tests\\\\P2\\\\testSetServerTimeCheckInterval.py\\\", line 40, in test_set_server_time_check_interval\\n    TEST_TIME\\nAssertionError: 5 != 50\\n\", \"case_name\": \"testSetServerTimeCheckInterval\"}]','[]'),(53,'SVC_Case_P1',123123,40,20,1,19,2,'2017-11-27 15:52:51','2017-11-27 15:59:36','SVC_Case_P1/test_report/test_report123123.html','[{\"info\": \"Traceback (most recent call last):\\n  File \\\"F:\\\\italk_runner_new\\\\runner\\\\tests\\\\P1\\\\testDBclass_activity.py\\\", line 60, in test_db_class_activity\\n    self.assertEqual(result.get(\'MaxLiveNum\'), 2)\\nAssertionError: None != 2\\n\", \"case_name\": \"testDBclass_activity\"}, {\"info\": \"Traceback (most recent call last):\\n  File \\\"F:\\\\italk_runner_new\\\\runner\\\\tests\\\\P1\\\\testDBclass_av_quality.py\\\", line 58, in test_db_class_av_quality\\n    self.assertEqual(result.get(\'EnterCount\'), 3)\\nAssertionError: None != 3\\n\", \"case_name\": \"testDBclass_av_quality\"}, {\"info\": \"Traceback (most recent call last):\\n  File \\\"F:\\\\italk_runner_new\\\\runner\\\\tests\\\\P1\\\\testDBclass_chat_recoed.py\\\", line 53, in test_db_class_chat_record\\n    self.assertEqual(result.get(\'_Text\'), CHAT_MESSAGE)\\nAssertionError: None != \'0123456789abcdefghijklmnopqrstuvwxyzABCDEFGHIJKLMNOPQRSTUVWXYZ!\\\"#$%&\\\\\'()*+,-./:;<=>?@[\\\\\\\\]^_`{|}~ \\\\t\\\\n\\\\r\\\\x0b\\\\x0c\'\\n\", \"case_name\": \"testDBclass_chat_recoed\"}, {\"info\": \"Traceback (most recent call last):\\n  File \\\"F:\\\\italk_runner_new\\\\runner\\\\tests\\\\P1\\\\testDBclass_info.py\\\", line 73, in test_db_class_info\\n    self.assertEqual(result.get(\\\"TextbookData\\\"), TEXTBOOK_DATA)\\nAssertionError: None != u\'hello world\'\\n\", \"case_name\": \"testDBclass_info\"}, {\"info\": \"Traceback (most recent call last):\\n  File \\\"F:\\\\italk_runner_new\\\\runner\\\\tests\\\\P1\\\\testDBclass_login_log.py\\\", line 50, in test_db_class_login_log\\n    self.assertEqual(result.get(\'UID\'), UID)\\nAssertionError: None != 27333499287451046L\\n\", \"case_name\": \"testDBclass_login_log\"}, {\"info\": \"Traceback (most recent call last):\\n  File \\\"F:\\\\italk_runner_new\\\\runner\\\\tests\\\\P1\\\\testDBclass_member.py\\\", line 51, in test_db_class_member\\n    self.assertEqual(result.get(\'UID\'), UID)\\nAssertionError: None != 50848059886535635L\\n\", \"case_name\": \"testDBclass_member\"}, {\"info\": \"Traceback (most recent call last):\\n  File \\\"F:\\\\italk_runner_new\\\\runner\\\\tests\\\\P1\\\\testDBuser_activity.py\\\", line 46, in test_db_user_activity\\n    self.assertEqual(result.get(\'Status\'), 1, \\\"The db result is %s\\\" % result)\\nAssertionError: The db result is {}\\n\", \"case_name\": \"testDBuser_activity\"}, {\"info\": \"Traceback (most recent call last):\\n  File \\\"F:\\\\italk_runner_new\\\\runner\\\\tests\\\\P1\\\\testDBuser_login_log.py\\\", line 48, in test_db_user_activity\\n    self.assertEqual(result.get(\'ClientType\'), 1)\\nAssertionError: None != 1\\n\", \"case_name\": \"testDBuser_login_log\"}, {\"info\": \"Traceback (most recent call last):\\n  File \\\"F:\\\\italk_runner_new\\\\runner\\\\tests\\\\P1\\\\testPVP_1v1Chat.py\\\", line 78, in testPVPChat01\\n    self.assertEqual(0, send_result.get(\'Status\', -1))\\nAssertionError: 0 != -1\\n\", \"case_name\": \"testPVP_1v1Chat\"}, {\"info\": \"Traceback (most recent call last):\\n  File \\\"F:\\\\italk_runner_new\\\\runner\\\\tests\\\\P1\\\\testPVP_1v1Chat.py\\\", line 103, in testPVPChat03\\n    self.assertEqual(0, send_result.get(\'Status\', -1))\\nAssertionError: 0 != -1\\n\", \"case_name\": \"testPVP_1v1Chat\"}, {\"info\": \"Traceback (most recent call last):\\n  File \\\"F:\\\\italk_runner_new\\\\runner\\\\tests\\\\P1\\\\testPVP_ExperienceCourse.py\\\", line 52, in testExpCourseWorkFlow\\n    self.assertEqual(0, stu_req_result.get(\'RspCode\', None),\'\\u5b66\\u751f\\u53d1\\u8d77\\u4f53\\u9a8c\\u8bfe\\u547c\\u53eb: 0x00130080 No response\')\\nAssertionError: \\u5b66\\u751f\\u53d1\\u8d77\\u4f53\\u9a8c\\u8bfe\\u547c\\u53eb: 0x00130080 No response\\n\", \"case_name\": \"testPVP_ExperienceCourse\"}, {\"info\": \"Traceback (most recent call last):\\n  File \\\"F:\\\\italk_runner_new\\\\runner\\\\tests\\\\P1\\\\testRedisData.py\\\", line 91, in test_ac_user_online\\n    self.assertEqual(str(USER_UID_1), result.get(\'UID\'))\\nAssertionError: \'13810530751881545\' != None\\n\", \"case_name\": \"testRedisData\"}, {\"info\": \"Traceback (most recent call last):\\n  File \\\"F:\\\\italk_runner_new\\\\runner\\\\tests\\\\P1\\\\testRedisData.py\\\", line 49, in test_common_data_upload_redis\\n    self.assertEqual(str(USER_UID_1), result)\\nAssertionError: \'13810530751881545\' != \'27764146447908325\'\\n\", \"case_name\": \"testRedisData\"}, {\"info\": \"Traceback (most recent call last):\\n  File \\\"F:\\\\italk_runner_new\\\\runner\\\\tests\\\\P1\\\\testRedisData.py\\\", line 161, in test_queue_ac_class_quality_info\\n    self.assertEqual(CLASS_CID, result.get(\'CID\'))\\nAssertionError: 47518443480893094L != 33313311860918466L\\n\", \"case_name\": \"testRedisData\"}, {\"info\": \"Traceback (most recent call last):\\n  File \\\"F:\\\\italk_runner_new\\\\runner\\\\tests\\\\P1\\\\testRedisData.py\\\", line 132, in test_queue_ac_enter_class_info\\n    self.assertEqual(CLASS_CID, result.get(\'CID\'))\\nAssertionError: 47518443480893094L != 33313311860918466L\\n\", \"case_name\": \"testRedisData\"}, {\"info\": \"Traceback (most recent call last):\\n  File \\\"F:\\\\italk_runner_new\\\\runner\\\\tests\\\\P1\\\\testRedisData.py\\\", line 115, in test_queue_ac_user_login_info\\n    self.assertEqual(USER_UID_1, result.get(\'UID\'))\\nAssertionError: 13810530751881545L != 29317160968694562L\\n\", \"case_name\": \"testRedisData\"}, {\"info\": \"Traceback (most recent call last):\\n  File \\\"F:\\\\italk_runner_new\\\\runner\\\\tests\\\\P1\\\\testRedisData.py\\\", line 58, in test_queue_class_chat_log\\n    self.assertEqual(str(USER_UID_1), result.get(\'chat_msg\'))\\nAssertionError: \'13810530751881545\' != u\'27764146447908325\'\\n\", \"case_name\": \"testRedisData\"}, {\"info\": \"Traceback (most recent call last):\\n  File \\\"F:\\\\italk_runner_new\\\\runner\\\\tests\\\\P1\\\\testRedisData.py\\\", line 74, in test_queue_group_log\\n    self.assertEqual(1, result.get(\'log_type\'))\\nAssertionError: 1 != 2\\n\", \"case_name\": \"testRedisData\"}, {\"info\": \"Traceback (most recent call last):\\n  File \\\"F:\\\\italk_runner_new\\\\runner\\\\tests\\\\P1\\\\testSubscribCourseNotify.py\\\", line 48, in test_subscribe_course_notify\\n    long(CLASS_CID)\\nAssertionError: None != 43869271652491575L\\n\", \"case_name\": \"testSubscribCourseNotify\"}]','[{\"info\": \"Traceback (most recent call last):\\n  File \\\"F:\\\\italk_runner_new\\\\runner\\\\tests\\\\P1\\\\testDBclass_dot_data.py\\\", line 60, in test_db_class_dot_data\\n    sdk_result = result.get(\'StrData\').split(\'|\')[1]\\nAttributeError: \'NoneType\' object has no attribute \'split\'\\n\", \"case_name\": \"testDBclass_dot_data\"}]'),(54,'SVC_Case_P0',0,95,89,0,2,2,'2017-11-28 14:37:06','2017-11-28 15:11:12','SVC_Case_P0/test_report/test_reportp0.html','[{\"info\": \"Traceback (most recent call last):\\n  File \\\"/home/dengyu/script_work/python/italk_runner/runner/tests/P0/testForceClientLogout.py\\\", line 80, in test_force_login\\n    self.assertFalse(fail_list)\\nAssertionError: [((34, 10), {\'result\': \'time out\'}), ((34, 15), {\'result\': \'time out\'})] is not false\\n\", \"case_name\": \"testForceClientLogout\"}, {\"info\": \"Traceback (most recent call last):\\n  File \\\"/home/dengyu/script_work/python/italk_runner/runner/tests/P0/testGetSDKToken.py\\\", line 41, in test_get_sdk_token\\n    0\\nAssertionError: None != 0\\n\", \"case_name\": \"testGetSDKToken\"}]','[]');

/*Table structure for table `common_config` */

DROP TABLE IF EXISTS `common_config`;

CREATE TABLE `common_config` (
  `id` int(11) NOT NULL AUTO_INCREMENT,
  `name` varchar(255) COLLATE utf8_unicode_ci NOT NULL COMMENT '配置名称',
  `value` varchar(255) COLLATE utf8_unicode_ci NOT NULL COMMENT '配置值',
  `comment` varchar(255) COLLATE utf8_unicode_ci NOT NULL COMMENT '配置说明',
  `create_time` datetime DEFAULT NULL COMMENT '创建时间',
  `modify_time` datetime DEFAULT NULL COMMENT '更新时间',
  `operate_ip` varchar(255) COLLATE utf8_unicode_ci DEFAULT NULL COMMENT '操作人电脑IP',
  PRIMARY KEY (`id`)
) ENGINE=InnoDB AUTO_INCREMENT=12 DEFAULT CHARSET=utf8 COLLATE=utf8_unicode_ci COMMENT='通用配置表';

/*Data for the table `common_config` */

insert  into `common_config`(`id`,`name`,`value`,`comment`,`create_time`,`modify_time`,`operate_ip`) values (1,'WEB_HOST_STRING','172.16.16.72:8000','appserver的ip与端口号 暂未使用','2017-06-16 10:30:00',NULL,NULL),(2,'DATA_MASTER_HOST','localhost','data_runner主节点IP,修改后需重启各节点','2017-06-16 10:33:44',NULL,NULL),(3,'LBS_IP','172.16.0.115','可输入多个地址，以英文逗号作为分隔符, 不需要重启，需要重新造一下数据','2017-06-16 10:40:22',NULL,NULL),(4,'LBS_PORT','6000','LBS端口号，不需要重启，需要重新造一下数据','2017-06-16 10:41:47',NULL,NULL),(5,'LOCUST_MASTER_HOST','localhost','Locust工具Master的IP，修改后需要重启各节点','2017-06-22 10:41:47',NULL,NULL),(6,'CLASS_DURATION','60','每节课的时长，单位s，不需要重启，需要重新造一下数据','2017-06-22 10:41:47',NULL,NULL),(7,'OP_INTERVAL','10','老师和学生每组操作的时间间隔，单位s，不需要重启，需要重新造一下数据','2017-06-22 10:41:47',NULL,NULL),(8,'INFLUXDB_IP','172.16.16.72:svcload','压测指标数据(RPS等)存储地址IP:数据库名,无需重启，修改后配置后重新开始压测即可',NULL,NULL,NULL),(9,'SAVE_DATA_INTERVAL','10','压测数据入库间隔，单位s',NULL,NULL,NULL),(10,'HB_INTERVAL','60','心跳发送间隔int 单位秒','2017-08-29 10:47:00','2017-10-09 03:10:00',NULL),(11,'SVC_TIMEOUT','1','SVC服务响应超时时间，单位s，支持int与float，修改后需要重启各节点','2017-12-06 10:47:00',NULL,NULL);

/*Table structure for table `django_admin_log` */

DROP TABLE IF EXISTS `django_admin_log`;

CREATE TABLE `django_admin_log` (
  `id` int(11) NOT NULL AUTO_INCREMENT,
  `action_time` datetime NOT NULL,
  `object_id` longtext,
  `object_repr` varchar(200) NOT NULL,
  `action_flag` smallint(5) unsigned NOT NULL,
  `change_message` longtext NOT NULL,
  `content_type_id` int(11) DEFAULT NULL,
  `user_id` int(11) NOT NULL,
  PRIMARY KEY (`id`),
  KEY `django_admin_log_content_type_id_c4bce8eb` (`content_type_id`),
  KEY `django_admin_log_user_id_c564eba6` (`user_id`)
) ENGINE=MyISAM AUTO_INCREMENT=127 DEFAULT CHARSET=latin1;

/*Data for the table `django_admin_log` */

insert  into `django_admin_log`(`id`,`action_time`,`object_id`,`object_repr`,`action_flag`,`change_message`,`content_type_id`,`user_id`) values (1,'2017-08-31 07:30:58','153','None - None|????:0|????:0',3,'',10,1),(2,'2017-08-31 07:30:58','147','None - None|????:0|????:0',3,'',10,1),(3,'2017-08-31 07:30:58','146','None - None|????:0|????:0',3,'',10,1),(4,'2017-08-31 07:30:58','145','None - None|????:0|????:0',3,'',10,1),(5,'2017-08-31 07:30:58','125','None - None|????:0|????:0',3,'',10,1),(6,'2017-08-31 07:30:58','113','None - None|????:0|????:0',3,'',10,1),(7,'2017-08-31 07:30:58','107','None - None|????:0|????:0',3,'',10,1),(8,'2017-08-31 07:30:58','106','None - None|????:0|????:0',3,'',10,1),(9,'2017-08-31 07:30:58','105','None - None|????:0|????:0',3,'',10,1),(10,'2017-08-31 07:30:58','100','None - 2017-08-23 16:10:07+00:00|????:0|????:0',3,'',10,1),(11,'2017-08-31 07:30:58','98','None - None|????:0|????:0',3,'',10,1),(12,'2017-08-31 07:30:58','97','None - None|????:0|????:0',3,'',10,1),(13,'2017-08-31 07:30:58','96','None - None|????:0|????:0',3,'',10,1),(14,'2017-08-31 07:30:58','95','None - None|????:0|????:0',3,'',10,1),(15,'2017-08-31 07:30:58','94','None - None|????:0|????:0',3,'',10,1),(16,'2017-08-31 07:30:58','93','None - None|????:0|????:0',3,'',10,1),(17,'2017-08-31 07:30:58','92','None - None|????:0|????:0',3,'',10,1),(18,'2017-08-31 07:30:58','91','None - None|????:0|????:0',3,'',10,1),(19,'2017-08-31 07:30:58','90','None - None|????:0|????:0',3,'',10,1),(20,'2017-08-31 07:30:58','89','None - None|????:0|????:0',3,'',10,1),(21,'2017-08-31 07:30:58','88','None - None|????:0|????:0',3,'',10,1),(22,'2017-08-31 07:30:58','87','None - None|????:0|????:0',3,'',10,1),(23,'2017-08-31 07:30:58','86','None - None|????:0|????:0',3,'',10,1),(24,'2017-08-31 07:30:58','85','None - None|????:0|????:0',3,'',10,1),(25,'2017-08-31 07:30:58','84','None - None|????:0|????:0',3,'',10,1),(26,'2017-08-31 07:30:58','83','None - None|????:0|????:0',3,'',10,1),(27,'2017-08-31 07:30:58','82','None - None|????:0|????:0',3,'',10,1),(28,'2017-08-31 07:30:58','79','None - None|????:0|????:0',3,'',10,1),(29,'2017-08-31 07:30:58','78','None - None|????:0|????:0',3,'',10,1),(30,'2017-08-31 07:30:58','77','None - None|????:0|????:0',3,'',10,1),(31,'2017-08-31 07:30:58','76','None - None|????:0|????:0',3,'',10,1),(32,'2017-08-31 07:30:58','75','None - None|????:0|????:0',3,'',10,1),(33,'2017-08-31 07:30:58','74','None - None|????:0|????:0',3,'',10,1),(34,'2017-08-31 07:30:58','73','None - None|????:0|????:0',3,'',10,1),(35,'2017-08-31 07:30:58','68','None - None|????:0|????:0',3,'',10,1),(36,'2017-08-31 07:30:58','64','None - None|????:0|????:0',3,'',10,1),(37,'2017-08-31 07:30:58','63','None - None|????:0|????:0',3,'',10,1),(38,'2017-08-31 07:30:58','61','None - None|????:0|????:0',3,'',10,1),(39,'2017-08-31 07:30:58','60','None - None|????:0|????:0',3,'',10,1),(40,'2017-08-31 07:30:58','59','None - None|????:0|????:0',3,'',10,1),(41,'2017-08-31 07:30:58','58','None - None|????:0|????:0',3,'',10,1),(42,'2017-08-31 07:30:58','57','None - None|????:0|????:0',3,'',10,1),(43,'2017-08-31 07:30:58','56','None - None|????:0|????:0',3,'',10,1),(44,'2017-08-31 07:30:58','55','None - None|????:0|????:0',3,'',10,1),(45,'2017-09-01 03:34:26','54','no use',3,'',10,1),(46,'2017-09-01 03:34:26','53','no use',3,'',10,1),(47,'2017-09-01 03:34:26','52','no use',3,'',10,1),(48,'2017-09-01 03:34:26','51','no use',3,'',10,1),(49,'2017-09-01 03:34:26','50','no use',3,'',10,1),(50,'2017-09-01 03:34:26','49','no use',3,'',10,1),(51,'2017-09-01 03:34:26','48','no use',3,'',10,1),(52,'2017-09-01 03:34:26','46','no use',3,'',10,1),(53,'2017-09-01 03:34:26','45','no use',3,'',10,1),(54,'2017-09-01 03:34:26','44','no use',3,'',10,1),(55,'2017-09-01 03:34:26','43','no use',3,'',10,1),(56,'2017-09-01 03:34:26','42','no use',3,'',10,1),(57,'2017-09-01 03:34:26','41','no use',3,'',10,1),(58,'2017-09-01 03:34:26','40','no use',3,'',10,1),(59,'2017-09-01 03:34:26','39','no use',3,'',10,1),(60,'2017-09-01 03:34:26','38','no use',3,'',10,1),(61,'2017-09-01 03:34:26','37','no use',3,'',10,1),(62,'2017-09-01 03:34:26','36','no use',3,'',10,1),(63,'2017-09-01 03:34:26','35','no use',3,'',10,1),(64,'2017-09-01 03:34:26','34','no use',3,'',10,1),(65,'2017-09-01 03:34:26','33','no use',3,'',10,1),(66,'2017-09-01 03:34:26','32','no use',3,'',10,1),(67,'2017-09-01 03:34:26','31','no use',3,'',10,1),(68,'2017-09-01 03:34:26','23','no use',3,'',10,1),(69,'2017-09-01 03:34:26','22','no use',3,'',10,1),(70,'2017-09-01 03:34:26','21','no use',3,'',10,1),(71,'2017-09-01 03:34:26','20','no use',3,'',10,1),(72,'2017-09-01 03:34:26','14','no use',3,'',10,1),(73,'2017-09-01 03:34:26','9','no use',3,'',10,1),(74,'2017-09-01 03:34:26','8','no use',3,'',10,1),(75,'2017-09-01 03:34:26','7','no use',3,'',10,1),(76,'2017-09-01 03:34:26','6','no use',3,'',10,1),(77,'2017-09-01 03:34:26','5','no use',3,'',10,1),(78,'2017-09-01 03:34:26','4','no use',3,'',10,1),(79,'2017-09-01 03:35:14','120','2017-08-24 10:14:55+00:00 - None|????:20|????:5',3,'',10,1),(80,'2017-09-01 03:35:14','118','2017-08-23 18:55:26+00:00 - None|????:20|????:10',3,'',10,1),(81,'2017-09-01 03:35:14','110','2017-08-23 17:35:41+00:00 - None|????:2|????:1',3,'',10,1),(82,'2017-09-01 03:35:14','109','2017-08-23 16:45:24+00:00 - None|????:2|????:1',3,'',10,1),(83,'2017-09-01 03:35:14','108','2017-08-23 16:38:49+00:00 - None|????:2|????:1',3,'',10,1),(84,'2017-09-01 03:35:14','102','2017-08-23 16:14:08+00:00 - None|????:1|????:1',3,'',10,1),(85,'2017-09-01 03:35:14','99','2017-08-23 16:03:33+00:00 - None|????:1|????:1',3,'',10,1),(86,'2017-09-01 03:35:14','47','2017-07-28 16:44:29+00:00 - None|????:30|????:10',3,'',10,1),(87,'2017-09-01 03:35:14','15','2017-07-19 14:09:50+00:00 - None|????:10|????:0',3,'',10,1),(88,'2017-09-01 03:35:14','11','2017-07-18 10:25:27+00:00 - None|????:66666|????:0',3,'',10,1),(89,'2017-09-01 03:35:14','10','2017-07-18 10:14:50+00:00 - None|????:66666|????:0',3,'',10,1),(90,'2017-09-01 03:35:14','1','2017-07-17 18:48:21+00:00 - None|????:1000|????:0',3,'',10,1),(91,'2017-09-01 03:35:34','2','no use',3,'',10,1),(92,'2017-09-01 03:36:31','1','WEB_HOST_STRING - appserver?ip???? ????',2,'[{\"changed\": {\"fields\": [\"create_time\"]}}]',9,1),(93,'2017-09-01 04:18:48','1','test',1,'[{\"added\": {}}]',2,1),(94,'2017-09-01 04:23:48','1','test123',2,'[{\"changed\": {\"fields\": [\"name\"]}}]',2,1),(95,'2017-09-01 06:50:09','1','test',2,'[{\"changed\": {\"fields\": [\"name\"]}}]',2,1),(96,'2017-09-01 06:50:45','1','test123',2,'[{\"changed\": {\"fields\": [\"name\"]}}]',2,1),(97,'2017-09-01 07:24:35','2','test',1,'[{\"added\": {}}]',4,1),(98,'2017-09-01 07:38:23','2','testgroup',1,'[{\"added\": {}}]',2,1),(99,'2017-09-01 07:38:45','2','testgroup',2,'[]',2,1),(100,'2017-09-01 07:39:23','3','dev',1,'[{\"added\": {}}]',2,1),(101,'2017-09-01 07:59:04','2','test',2,'[{\"changed\": {\"fields\": [\"password\"]}}]',4,1),(102,'2017-09-03 06:42:04','2','test',2,'[{\"changed\": {\"fields\": [\"is_staff\"]}}]',4,1),(103,'2017-09-03 08:55:17','2','test',2,'[{\"changed\": {\"fields\": [\"password\"]}}]',4,1),(104,'2017-09-03 09:06:37','1','yinzhixin',2,'[{\"changed\": {\"fields\": [\"password\"]}}]',4,1),(105,'2017-09-03 09:10:09','2','test',2,'[{\"changed\": {\"fields\": [\"password\"]}}]',4,1),(106,'2017-09-04 06:37:58','2','test',2,'[{\"changed\": {\"fields\": [\"last_login\"]}}]',4,1),(107,'2017-09-04 06:45:08','1','yinzhixin',2,'[{\"changed\": {\"fields\": [\"last_login\"]}}]',4,1),(108,'2017-09-04 08:06:02','2','test',2,'[]',4,1),(109,'2017-09-04 08:22:15','3','svcdev',1,'[{\"added\": {}}]',4,1),(110,'2017-09-04 08:23:01','3','svcdev',2,'[{\"changed\": {\"fields\": [\"is_staff\"]}}]',4,1),(111,'2017-09-04 09:19:01','4','nogroup',1,'[{\"added\": {}}]',4,1),(112,'2017-09-04 09:19:09','4','nogroup',2,'[{\"changed\": {\"fields\": [\"is_staff\"]}}]',4,1),(113,'2017-09-05 06:56:31','1','yinzhixin',2,'[{\"changed\": {\"fields\": [\"password\"]}}]',4,5),(114,'2017-09-06 08:23:55','3','2017-07-17 14:35:26+00:00 - 2017-07-17 14:35:26+00:00|total:1000|concurrency:0',3,'',10,5),(115,'2017-10-09 03:09:06','10','HB_INTERVAL',2,'[{\"changed\": {\"fields\": [\"create_time\"]}}]',9,1),(116,'2017-10-09 03:10:30','10','HB_INTERVAL',2,'[{\"changed\": {\"fields\": [\"modify_time\"]}}]',9,1),(117,'2017-12-07 09:34:26','11','SVC_TIMEOUT',2,'[{\"changed\": {\"fields\": [\"value\"]}}]',9,1),(118,'2017-12-13 02:03:21','3','LBS_IP',2,'[{\"changed\": {\"fields\": [\"value\"]}}]',9,1),(119,'2017-12-13 02:19:56','3','LBS_IP',2,'[{\"changed\": {\"fields\": [\"value\"]}}]',9,1),(120,'2017-12-14 03:40:30','3','LBS_IP',2,'[{\"changed\": {\"fields\": [\"value\"]}}]',9,1),(121,'2017-12-14 03:44:31','6','CLASS_DURATION',2,'[{\"changed\": {\"fields\": [\"value\"]}}]',9,1),(122,'2017-12-15 06:00:23','3','LBS_IP',2,'[{\"changed\": {\"fields\": [\"value\"]}}]',9,1),(123,'2017-12-15 07:41:43','3','LBS_IP',2,'[{\"changed\": {\"fields\": [\"value\"]}}]',9,1),(124,'2017-12-15 07:54:32','3','LBS_IP',2,'[{\"changed\": {\"fields\": [\"value\"]}}]',9,1),(125,'2017-12-15 09:44:20','3','LBS_IP',2,'[{\"changed\": {\"fields\": [\"value\"]}}]',9,1),(126,'2017-12-19 04:15:05','11','SVC_TIMEOUT',2,'[{\"changed\": {\"fields\": [\"value\"]}}]',9,1);

/*Table structure for table `django_content_type` */

DROP TABLE IF EXISTS `django_content_type`;

CREATE TABLE `django_content_type` (
  `id` int(11) NOT NULL AUTO_INCREMENT,
  `app_label` varchar(100) NOT NULL,
  `model` varchar(100) NOT NULL,
  PRIMARY KEY (`id`),
  UNIQUE KEY `django_content_type_app_label_model_76bd3d3b_uniq` (`app_label`,`model`)
) ENGINE=MyISAM AUTO_INCREMENT=11 DEFAULT CHARSET=latin1;

/*Data for the table `django_content_type` */

insert  into `django_content_type`(`id`,`app_label`,`model`) values (1,'admin','logentry'),(2,'auth','group'),(3,'auth','permission'),(4,'auth','user'),(5,'contenttypes','contenttype'),(6,'sessions','session'),(7,'sso_server','consumer'),(8,'sso_server','token'),(9,'svc','commonconfig'),(10,'svc','loadtestrecord');

/*Table structure for table `django_migrations` */

DROP TABLE IF EXISTS `django_migrations`;

CREATE TABLE `django_migrations` (
  `id` int(11) NOT NULL AUTO_INCREMENT,
  `app` varchar(255) NOT NULL,
  `name` varchar(255) NOT NULL,
  `applied` datetime NOT NULL,
  PRIMARY KEY (`id`)
) ENGINE=MyISAM AUTO_INCREMENT=17 DEFAULT CHARSET=latin1;

/*Data for the table `django_migrations` */

insert  into `django_migrations`(`id`,`app`,`name`,`applied`) values (1,'contenttypes','0001_initial','2017-08-30 06:55:30'),(2,'auth','0001_initial','2017-08-30 06:55:31'),(3,'admin','0001_initial','2017-08-30 06:55:31'),(4,'admin','0002_logentry_remove_auto_add','2017-08-30 06:55:31'),(5,'contenttypes','0002_remove_content_type_name','2017-08-30 06:55:31'),(6,'auth','0002_alter_permission_name_max_length','2017-08-30 06:55:31'),(7,'auth','0003_alter_user_email_max_length','2017-08-30 06:55:31'),(8,'auth','0004_alter_user_username_opts','2017-08-30 06:55:31'),(9,'auth','0005_alter_user_last_login_null','2017-08-30 06:55:31'),(10,'auth','0006_require_contenttypes_0002','2017-08-30 06:55:31'),(11,'auth','0007_alter_validators_add_error_messages','2017-08-30 06:55:31'),(12,'auth','0008_alter_user_username_max_length','2017-08-30 06:55:31'),(13,'sessions','0001_initial','2017-08-30 06:55:31'),(14,'sso_server','0001_initial','2017-08-30 10:07:06'),(15,'sso_server','0002_consumer_name_max_length','2017-08-30 10:07:06'),(16,'svc','0001_initial','2017-09-01 06:07:15');

/*Table structure for table `django_session` */

DROP TABLE IF EXISTS `django_session`;

CREATE TABLE `django_session` (
  `session_key` varchar(40) NOT NULL,
  `session_data` longtext NOT NULL,
  `expire_date` datetime NOT NULL,
  PRIMARY KEY (`session_key`),
  KEY `django_session_expire_date_a5c62663` (`expire_date`)
) ENGINE=MyISAM DEFAULT CHARSET=latin1;

/*Data for the table `django_session` */

insert  into `django_session`(`session_key`,`session_data`,`expire_date`) values ('v1ls8iz38tmchpwgy6d32dzyzg5yds4m','ODczZDg2MzcxZDNmMjM5NGQ4MWM2ZmExNzk2YTU4YjRjOGM3NzRkODp7Il9hdXRoX3VzZXJfaGFzaCI6IjY2NTNlZWNjZTkyNTA4ZDFjZDAyYmQwYzQ1Y2JjNmExYmVmOWQxNWIiLCJfYXV0aF91c2VyX2JhY2tlbmQiOiJkamFuZ28uY29udHJpYi5hdXRoLmJhY2tlbmRzLk1vZGVsQmFja2VuZCIsIl9hdXRoX3VzZXJfaWQiOiIxIn0=','2017-10-23 03:03:27'),('i9y9wiy0savm16pmar3rzl1nrz80bou5','ZTIzMGEwMTQ0MGNjNDc1NWExZmFhMmNiYzkwNTg3ZjAwODgxZWRhNjp7Il9hdXRoX3VzZXJfaGFzaCI6ImU1YWFhNWM0OTU4OGQxOWQ5MTBiODFhMmMwMzE2MWMyMWQ2MWI0MzYiLCJfYXV0aF91c2VyX2JhY2tlbmQiOiJkamFuZ28uY29udHJpYi5hdXRoLmJhY2tlbmRzLk1vZGVsQmFja2VuZCIsIl9hdXRoX3VzZXJfaWQiOiIxIn0=','2017-09-18 11:48:26'),('zvhlokievez5vc4hdzkddtxae6bvy40w','MzJlZGE4NjVhNGI0YWFlYjQ2YzA4NzE1OGRkODVhMDlkNWM2YWZmNTp7Il9hdXRoX3VzZXJfaGFzaCI6IjMyNzU1ZjNhNGQyYmJlOTUxYTdhYjFmMGFhYWQ2ZDRkY2EzOWM1MTAiLCJfYXV0aF91c2VyX2lkIjoiMSIsIl9hdXRoX3VzZXJfYmFja2VuZCI6ImRqYW5nby5jb250cmliLmF1dGguYmFja2VuZHMuTW9kZWxCYWNrZW5kIn0=','2017-09-17 09:21:20'),('uedu6pfc312yzd0qex84t5yxmvsc9nx4','NzdjMzhmZTEzNDA2MWZiZGIzMGRkNmE3NzliMzE4Zjg2OWU4OTMzYzp7Il9hdXRoX3VzZXJfaGFzaCI6ImE1MWYzZWFmNmU2YmUxMjc0MzJkODE5ZDQ5OTgwYTg2OTQ0ZGViMGIiLCJfYXV0aF91c2VyX2lkIjoiMSIsIl9hdXRoX3VzZXJfYmFja2VuZCI6ImRqYW5nby5jb250cmliLmF1dGguYmFja2VuZHMuTW9kZWxCYWNrZW5kIn0=','2017-09-17 09:24:20'),('chh1bu7495l97q7yv9pfbc2umfh0q6xz','OGE4ZjI3ZTFkYWFhMjE0M2Q3OTM4ZDcxODdmMjgyMDRiZGI5MmMwYzp7Il9hdXRoX3VzZXJfaGFzaCI6IjVmNGU4YzkwNDMzMGVhZGIxZTQyNWZhZDkyZGZlYmU3YTdhNjcwNWIiLCJfYXV0aF91c2VyX2lkIjoiNSIsIl9hdXRoX3VzZXJfYmFja2VuZCI6ImRqYW5nby5jb250cmliLmF1dGguYmFja2VuZHMuTW9kZWxCYWNrZW5kIn0=','2017-09-19 06:56:31'),('dafpqruc0z13yfp6svu0s8rih9qvoj3t','ODczZDg2MzcxZDNmMjM5NGQ4MWM2ZmExNzk2YTU4YjRjOGM3NzRkODp7Il9hdXRoX3VzZXJfaGFzaCI6IjY2NTNlZWNjZTkyNTA4ZDFjZDAyYmQwYzQ1Y2JjNmExYmVmOWQxNWIiLCJfYXV0aF91c2VyX2JhY2tlbmQiOiJkamFuZ28uY29udHJpYi5hdXRoLmJhY2tlbmRzLk1vZGVsQmFja2VuZCIsIl9hdXRoX3VzZXJfaWQiOiIxIn0=','2017-11-16 03:08:17'),('k37373dxjyorxt9bz9fcrrdu95x70gib','ODczZDg2MzcxZDNmMjM5NGQ4MWM2ZmExNzk2YTU4YjRjOGM3NzRkODp7Il9hdXRoX3VzZXJfaGFzaCI6IjY2NTNlZWNjZTkyNTA4ZDFjZDAyYmQwYzQ1Y2JjNmExYmVmOWQxNWIiLCJfYXV0aF91c2VyX2JhY2tlbmQiOiJkamFuZ28uY29udHJpYi5hdXRoLmJhY2tlbmRzLk1vZGVsQmFja2VuZCIsIl9hdXRoX3VzZXJfaWQiOiIxIn0=','2017-12-01 09:05:11'),('ybdk5rx6ks7yxihwrivq08luugs73vd7','ODczZDg2MzcxZDNmMjM5NGQ4MWM2ZmExNzk2YTU4YjRjOGM3NzRkODp7Il9hdXRoX3VzZXJfaGFzaCI6IjY2NTNlZWNjZTkyNTA4ZDFjZDAyYmQwYzQ1Y2JjNmExYmVmOWQxNWIiLCJfYXV0aF91c2VyX2JhY2tlbmQiOiJkamFuZ28uY29udHJpYi5hdXRoLmJhY2tlbmRzLk1vZGVsQmFja2VuZCIsIl9hdXRoX3VzZXJfaWQiOiIxIn0=','2017-12-19 02:10:20'),('ax8w2apkpkimcfo09zraofp222suvp4o','ODczZDg2MzcxZDNmMjM5NGQ4MWM2ZmExNzk2YTU4YjRjOGM3NzRkODp7Il9hdXRoX3VzZXJfaGFzaCI6IjY2NTNlZWNjZTkyNTA4ZDFjZDAyYmQwYzQ1Y2JjNmExYmVmOWQxNWIiLCJfYXV0aF91c2VyX2JhY2tlbmQiOiJkamFuZ28uY29udHJpYi5hdXRoLmJhY2tlbmRzLk1vZGVsQmFja2VuZCIsIl9hdXRoX3VzZXJfaWQiOiIxIn0=','2018-01-02 03:07:31');

/*Table structure for table `load_test_record` */

DROP TABLE IF EXISTS `load_test_record`;

CREATE TABLE `load_test_record` (
  `id` int(11) NOT NULL AUTO_INCREMENT,
  `user_count` int(11) NOT NULL DEFAULT '0' COMMENT '压测总用户数',
  `hatch_rate` int(11) DEFAULT '0' COMMENT '每秒启动用户数',
  `total_rps` float NOT NULL DEFAULT '0' COMMENT 'RPS',
  `fail_ratio` float DEFAULT '0' COMMENT '失败率',
  `status` tinyint(2) NOT NULL DEFAULT '0' COMMENT '压测状态:0-未运行,1-运行中,2-已结束',
  `start_time` datetime DEFAULT NULL COMMENT '压测开始时间',
  `end_time` datetime DEFAULT NULL COMMENT '压测结束时间',
  `stats` text COLLATE utf8_unicode_ci,
  `exceptions` text COLLATE utf8_unicode_ci,
  `data_struct` varchar(255) COLLATE utf8_unicode_ci NOT NULL COMMENT '测试数据构成信息',
  `scene_struct` varchar(255) COLLATE utf8_unicode_ci NOT NULL COMMENT '测试场景构成信息',
  PRIMARY KEY (`id`)
) ENGINE=InnoDB AUTO_INCREMENT=276 DEFAULT CHARSET=utf8 COLLATE=utf8_unicode_ci COMMENT='压测记录表';

/*Data for the table `load_test_record` */

insert  into `load_test_record`(`id`,`user_count`,`hatch_rate`,`total_rps`,`fail_ratio`,`status`,`start_time`,`end_time`,`stats`,`exceptions`,`data_struct`,`scene_struct`) values (12,66666,0,1300,0,2,'2017-07-18 10:26:41','2017-07-18 10:26:41',NULL,NULL,'5555','456'),(13,500,0,1300,0,2,'2017-07-18 10:42:07','2017-07-18 10:42:07',NULL,NULL,'5555','456'),(16,500,0,1300,0.25,2,'2017-07-19 14:23:56','2017-07-19 14:23:56',NULL,NULL,'5555','456'),(17,500,0,1300,0.25,2,'2017-07-19 14:32:00','2017-07-19 14:32:00',NULL,NULL,'5555','456'),(18,20,0,16.0986,0,2,'2017-07-19 15:07:19','2017-07-19 15:07:39',NULL,NULL,'{\"0\": [1000, 2]}','{\"student_scene\": [1, 2, 14, 15, 16, 17], \"teacher_scene\": [1, 2, 3, 4, 5, 6, 7, 8, 9, 10, 11, 12, 13]}'),(19,10,0,4.47601,0,2,'2017-07-19 15:10:04','2017-07-19 15:11:16',NULL,NULL,'{\"0\": [100, 2], \"12\": [10, 20]}','{\"student_scene\": [1, 2, 14, 15, 16, 17], \"teacher_scene\": [1, 2, 3, 4, 5, 6, 7, 8, 9, 10, 11, 12, 13]}'),(24,500,30,1300,0.25,2,'2017-07-19 15:33:22','2017-07-19 15:33:22',NULL,NULL,'5555','456'),(25,100,10,0,0,2,'2017-07-21 14:41:21','2017-07-21 14:41:42',NULL,NULL,'{\"0\": [1000, 2], \"12\": [10, 10]}','{\"student_scene\": [1, 2, 14, 15, 16, 17], \"teacher_scene\": [1, 2, 3, 4, 5, 6, 7, 8, 9, 10, 11, 12, 13]}'),(26,100,20,51.7,0.02,2,'2017-07-21 14:43:04','2017-07-21 14:43:59',NULL,NULL,'{\"0\": [100, 2]}','{\"student_scene\": [1, 2, 14, 15, 16, 17], \"teacher_scene\": [1, 2, 3, 4, 5, 6, 7, 8, 9, 10, 11, 12, 13]}'),(27,500,30,1300,0.25,2,'2017-07-21 17:56:10','2017-07-21 17:56:10',NULL,NULL,'5555','456'),(28,500,30,1300,0.25,2,'2017-07-21 17:56:23','2017-07-21 17:56:23',NULL,NULL,'5555','456'),(30,100,10,48.8,0,2,'2017-07-25 09:50:04','2017-07-25 19:19:08',NULL,NULL,'{\"0\": [50, 2]}','{\"student_scene\": [1, 2, 14, 15, 16, 17], \"teacher_scene\": [1, 2, 3, 4, 5, 6, 7, 8, 9, 10, 11, 12, 13]}'),(62,100,10,0.5,0.5,2,'2017-08-17 18:10:45','2017-08-17 18:26:47',NULL,NULL,'{\"0\": [50, 2]}','{\"student_scene\": [1, 18], \"teacher_scene\": [1, 18]}'),(65,20,10,47,0,2,'2017-08-18 10:06:09','2017-08-18 10:06:15',NULL,NULL,'{\"0\": [10, 2]}','{\"student_scene\": [1, 2, 14, 15, 16, 17, 18], \"teacher_scene\": [1, 2, 3, 4, 5, 6, 7, 8, 9, 10, 11, 12, 13, 18]}'),(66,100,20,1.1,0.32,2,'2017-08-18 10:07:29','2017-08-18 10:11:00',NULL,NULL,'{\"0\": [50, 2]}','{\"student_scene\": [1, 18], \"teacher_scene\": [1, 18]}'),(67,2000,50,245.5,0,2,'2017-08-18 10:14:11','2017-08-18 10:16:17',NULL,NULL,'{\"0\": [1000, 2]}','{\"student_scene\": [1, 2, 14, 15, 16, 17, 18], \"teacher_scene\": [1, 2, 3, 4, 5, 6, 7, 8, 9, 10, 11, 12, 13, 18]}'),(69,2000,50,50.7,0.07,2,'2017-08-18 10:19:22','2017-08-18 10:21:26',NULL,NULL,'{\"0\": [1000, 2]}','{\"student_scene\": [1, 18], \"teacher_scene\": [1, 18]}'),(70,1000,50,12.3,0.55,2,'2017-08-18 10:23:48','2017-08-18 10:29:07',NULL,NULL,'{\"0\": [500, 2]}','{\"student_scene\": [1, 18], \"teacher_scene\": [1, 18]}'),(71,100,10,6.4,0,2,'2017-08-18 10:31:44','2017-08-18 10:32:48',NULL,NULL,'{\"0\": [50, 2]}','{\"student_scene\": [1, 18], \"teacher_scene\": [1, 18]}'),(72,100,10,9.1,0,2,'2017-08-18 10:39:30','2017-08-18 10:40:09',NULL,NULL,'{\"0\": [50, 2]}','{\"student_scene\": [1, 18], \"teacher_scene\": [1, 18]}'),(80,100,20,21.6,0,2,'2017-08-18 18:20:34','2017-08-18 18:20:59',NULL,NULL,'{\"0\": [25000, 2]}','{\"student_scene\": [1, 18], \"teacher_scene\": [1, 18]}'),(101,2,1,0,0,2,'2017-08-23 16:10:54','2017-08-23 16:11:46',NULL,NULL,'{\"0\": [1, 2]}','{\"student_scene\": [1, 18], \"teacher_scene\": [1, 18]}'),(103,1,1,0,0,2,'2017-08-23 16:16:02','2017-08-23 16:16:44',NULL,NULL,'{\"0\": [1, 1]}','{\"student_scene\": [1, 18], \"teacher_scene\": [1, 18]}'),(104,2,1,0,0,2,'2017-08-23 16:17:52','2017-08-23 16:18:32',NULL,NULL,'{\"0\": [1, 2]}','{\"student_scene\": [1, 18], \"teacher_scene\": [1, 18]}'),(111,2,1,0,0,2,'2017-08-23 17:45:37','2017-08-23 17:46:57',NULL,NULL,'{\"0\": [1, 2]}','{\"student_scene\": [1, 18], \"teacher_scene\": [1, 18]}'),(112,4,2,4,0,2,'2017-08-23 17:50:01','2017-08-23 17:50:18',NULL,NULL,'{\"0\": [2, 2]}','{\"student_scene\": [1, 18], \"teacher_scene\": [1, 18]}'),(114,20,10,11.3,0,2,'2017-08-23 18:32:39','2017-08-23 18:35:21',NULL,NULL,'{\"0\": [10, 2]}','{\"student_scene\": [1, 2, 14, 15, 16, 17, 18], \"teacher_scene\": [1, 2, 3, 4, 5, 6, 7, 8, 9, 10, 11, 12, 13, 18]}'),(115,20,10,4.8,0,2,'2017-08-23 18:35:47','2017-08-23 18:37:11',NULL,NULL,'{\"0\": [10, 2]}','{\"student_scene\": [1, 18], \"teacher_scene\": [1, 18]}'),(116,20,10,4.9,0,2,'2017-08-23 18:41:04','2017-08-23 18:42:29',NULL,NULL,'{\"0\": [10, 2]}','{\"student_scene\": [1, 18], \"teacher_scene\": [1, 18]}'),(117,20,10,13.4,0,2,'2017-08-23 18:44:25','2017-08-23 18:54:40',NULL,NULL,'{\"0\": [10, 2]}','{\"student_scene\": [1, 18], \"teacher_scene\": [1, 18]}'),(119,20,5,0,0,2,'2017-08-24 09:56:42','2017-08-24 09:57:43',NULL,NULL,'{\"0\": [10, 2]}','{\"student_scene\": [1, 18], \"teacher_scene\": [1, 18]}'),(121,20,5,0,1,2,'2017-08-24 10:18:27','2017-08-24 10:19:04',NULL,NULL,'{\"0\": [10, 2]}','{\"student_scene\": [1, 18], \"teacher_scene\": [1, 18]}'),(122,20,5,0.4,0,2,'2017-08-24 10:23:04','2017-08-24 10:25:57',NULL,NULL,'{\"0\": [10, 2]}','{\"student_scene\": [1, 18], \"teacher_scene\": [1, 18]}'),(123,20,10,6.2,0.02,2,'2017-08-24 10:26:20','2017-08-24 10:28:10',NULL,NULL,'{\"0\": [10, 2]}','{\"student_scene\": [1, 2, 14, 15, 16, 17, 18], \"teacher_scene\": [1, 2, 3, 4, 5, 6, 7, 8, 9, 10, 11, 12, 13, 18]}'),(124,100,10,24.7,0,2,'2017-08-24 10:33:48','2017-08-24 10:36:05',NULL,NULL,'{\"0\": [50, 2]}','{\"student_scene\": [1, 18], \"teacher_scene\": [1, 18]}'),(126,1000,50,527.9,0,2,'2017-08-24 10:39:56','2017-08-24 10:42:26',NULL,NULL,'{\"0\": [500, 2]}','{\"student_scene\": [1, 2, 14, 15, 16, 17], \"teacher_scene\": [1, 2, 3, 4, 5, 6, 7, 8, 9, 10, 11, 12, 13]}'),(127,1000,50,343.3,0.02,2,'2017-08-24 10:44:39','2017-08-24 10:48:45',NULL,NULL,'{\"0\": [250, 2], \"12\": [10, 50]}','{\"student_scene\": [1, 2, 14, 15, 16, 17, 18], \"teacher_scene\": [1, 2, 3, 4, 5, 6, 7, 8, 9, 10, 11, 12, 13, 18]}'),(128,200,30,48.3,0,2,'2017-08-24 11:11:10','2017-08-24 11:11:37',NULL,NULL,'{\"12\": [10, 20]}','{\"student_scene\": [1, 2, 14, 15, 16, 17], \"teacher_scene\": [1, 2, 3, 4, 5, 6, 7, 8, 9, 10, 11, 12, 13]}'),(129,400,50,149.8,0,2,'2017-08-24 11:12:20','2017-08-24 11:13:10',NULL,NULL,'{\"0\": [100, 2], \"12\": [10, 20]}','{\"student_scene\": [1, 2, 14, 15, 16, 17], \"teacher_scene\": [1, 2, 3, 4, 5, 6, 7, 8, 9, 10, 11, 12, 13]}'),(130,200,50,7.7,0,2,'2017-08-24 11:53:14','2017-08-24 11:58:14',NULL,NULL,'{\"0\": [100, 2]}','{\"student_scene\": [1, 2, 17, 18], \"teacher_scene\": [1, 2, 3, 18]}'),(131,200,40,0,0,2,'2017-08-24 12:21:12','2017-08-24 12:23:34',NULL,NULL,'{\"0\": [100, 2]}','{\"student_scene\": [1, 2, 17, 18], \"teacher_scene\": [1, 2, 3, 18]}'),(132,200,50,13,0.5,2,'2017-08-24 12:24:12','2017-08-24 12:25:23',NULL,NULL,'{\"0\": [100, 2]}','{\"student_scene\": [1, 2, 17, 18], \"teacher_scene\": [1, 2, 3, 18]}'),(133,20,10,24,0.33,2,'2017-08-24 13:53:54','2017-08-24 13:54:07',NULL,NULL,'{\"0\": [10, 2]}','{\"student_scene\": [1, 2, 17, 18], \"teacher_scene\": [1, 2, 3, 18]}'),(134,200,40,73.1,0.33,2,'2017-08-24 14:05:40','2017-08-24 14:06:34',NULL,NULL,'{\"0\": [100, 2]}','{\"student_scene\": [1, 2, 17, 18], \"teacher_scene\": [1, 2, 3, 18]}'),(135,200,40,9,0,2,'2017-08-24 14:07:30','2017-08-24 14:11:43',NULL,NULL,'{\"0\": [100, 2]}','{\"student_scene\": [1, 2, 17, 18], \"teacher_scene\": [1, 2, 3, 18]}'),(136,200,40,6.2,0.14,2,'2017-08-24 18:53:18','2017-08-24 18:56:54',NULL,NULL,'{\"0\": [100, 2]}','{\"student_scene\": [1, 2, 17, 18], \"teacher_scene\": [1, 2, 3, 18]}'),(137,200,40,11.6,0.13,2,'2017-08-24 18:58:16','2017-08-24 19:01:25',NULL,NULL,'{\"0\": [100, 2]}','{\"student_scene\": [1, 18], \"teacher_scene\": [1, 18]}'),(138,20,10,2.9,0,2,'2017-08-25 10:07:57','2017-08-25 10:11:24',NULL,NULL,'{\"0\": [10, 2]}','{\"student_scene\": [1, 2, 14, 17, 18], \"teacher_scene\": [1, 2, 3, 4, 18]}'),(139,20,10,0.7,0.27,2,'2017-08-25 10:11:58','2017-08-25 10:16:08',NULL,NULL,'{\"0\": [10, 2]}','{\"student_scene\": [1, 18], \"teacher_scene\": [1, 18]}'),(140,20,10,3.1,0,2,'2017-08-25 10:35:48','2017-08-25 10:37:46',NULL,NULL,'{\"0\": [10, 2]}','{\"student_scene\": [1, 2, 14, 17, 18], \"teacher_scene\": [1, 2, 3, 4, 18]}'),(141,20,10,1.6,0.23,2,'2017-08-25 10:42:46','2017-08-25 10:49:20',NULL,NULL,'{\"0\": [10, 2]}','{\"student_scene\": [1, 2, 14, 17, 18], \"teacher_scene\": [1, 2, 3, 4, 18]}'),(142,20,10,2.5,0,2,'2017-08-25 11:15:33','2017-08-25 11:16:47',NULL,NULL,'{\"0\": [10, 2]}','{\"student_scene\": [1, 2, 14, 17, 18], \"teacher_scene\": [1, 2, 3, 4, 18]}'),(143,10,10,1.6,0,2,'2017-08-25 11:17:46','2017-08-25 11:19:06',NULL,NULL,'{\"0\": [10, 2]}','{\"student_scene\": [1, 2, 14, 17, 18], \"teacher_scene\": [1, 2, 3, 4, 18]}'),(144,20,10,0.3,0,2,'2017-08-25 11:20:32','2017-08-25 11:32:08',NULL,NULL,'{\"0\": [10, 2]}','{\"student_scene\": [1, 18], \"teacher_scene\": [1, 18]}'),(148,100,10,51.9,0,2,'2017-08-28 16:11:53','2017-08-28 16:12:22',NULL,NULL,'{\"0\": [2000, 2]}','{\"student_scene\": [1, 2, 14, 15, 16, 17], \"teacher_scene\": [1, 2, 3, 4, 5, 6, 7, 8, 9, 10, 11, 12, 13]}'),(149,200,50,27.9,0.01,2,'2017-08-28 16:15:24','2017-08-28 16:23:55',NULL,NULL,'{\"0\": [100, 2]}','{\"student_scene\": [1, 2, 14, 15, 16, 17], \"teacher_scene\": [1, 2, 3, 4, 5, 6, 7, 8, 9, 10, 11, 12, 13]}'),(150,200,50,10,0.05,2,'2017-08-28 16:24:54','2017-08-28 16:27:43',NULL,NULL,'{\"0\": [100, 2]}','{\"student_scene\": [1, 2, 14], \"teacher_scene\": [1, 2, 3]}'),(151,200,50,22.4,0,2,'2017-08-28 16:30:15','2017-08-28 16:33:05',NULL,NULL,'{\"0\": [100, 2]}','{\"student_scene\": [1, 2, 14], \"teacher_scene\": [1, 2, 3, 4]}'),(152,2,1,0.2,0,2,'2017-08-28 16:46:54','2017-08-28 16:49:23',NULL,NULL,'{\"0\": [2, 1]}','{\"student_scene\": [1, 2, 14], \"teacher_scene\": [1, 2, 3, 4]}'),(154,100,10,1.1,0,2,'2017-08-28 17:43:55','2017-08-28 17:47:00',NULL,NULL,'{\"0\": [50, 2]}','{\"student_scene\": [1, 18], \"teacher_scene\": [1, 18]}'),(155,0,0,0,0,0,NULL,NULL,NULL,NULL,'{\"12\": [1111111, 2]}','{\"student_scene\": [1, 2, 14, 15, 16, 17], \"teacher_scene\": [1, 2, 3, 4, 5, 6, 7, 8, 9, 10, 11, 12, 13]}'),(156,400,40,0,0,1,'2017-12-05 10:35:40',NULL,NULL,NULL,'{\"0\": [100, 2], \"12\": [10, 20]}','{\"student_scene\": [1, 2, 14, 15, 16, 17], \"teacher_scene\": [1, 2, 3, 4, 5, 6, 7, 8, 9, 10, 11, 12, 13]}'),(157,400,40,0,0,2,'2017-12-05 10:40:38','2017-12-05 10:48:04',NULL,NULL,'{\"0\": [100, 2], \"12\": [10, 20]}','{\"student_scene\": [1, 2, 14, 15, 16, 17], \"teacher_scene\": [1, 2, 3, 4, 5, 6, 7, 8, 9, 10, 11, 12, 13]}'),(158,200,40,0,0,2,'2017-12-05 10:54:54','2017-12-05 10:59:37',NULL,NULL,'{\"0\": [100, 2]}','{\"student_scene\": [1, 2, 14, 15, 16, 17], \"teacher_scene\": [1, 2, 3, 4, 5, 6, 7, 8, 9, 10, 11, 12, 13]}'),(159,200,40,16.9,0.56,2,'2017-12-05 11:00:18','2017-12-05 11:17:52',NULL,NULL,'{\"0\": [100, 2]}','{\"student_scene\": [1, 2, 14, 15, 16, 17], \"teacher_scene\": [1, 2, 3, 4, 5, 6, 7, 8, 9, 10, 11, 12, 13]}'),(160,400,40,46.1,0.38,2,'2017-12-05 11:18:22','2017-12-05 11:25:31',NULL,NULL,'{\"0\": [100, 2], \"12\": [10, 20]}','{\"student_scene\": [1, 2, 14, 15, 16, 17], \"teacher_scene\": [1, 2, 3, 4, 5, 6, 7, 8, 9, 10, 11, 12, 13]}'),(161,400,40,5.2,0.87,2,'2017-12-05 11:28:10','2017-12-05 12:12:41',NULL,NULL,'{\"0\": [100, 2], \"12\": [10, 20]}','{\"student_scene\": [1, 2, 14, 15, 16, 17], \"teacher_scene\": [1, 2, 3, 4, 5, 6, 7, 8, 9, 10, 11, 12, 13]}'),(162,400,40,3.3,0.92,2,'2017-12-05 14:08:45','2017-12-05 15:03:56',NULL,NULL,'{\"0\": [100, 2], \"12\": [10, 20]}','{\"student_scene\": [1, 2, 14, 15, 16, 17], \"teacher_scene\": [1, 2, 3, 4, 5, 6, 7, 8, 9, 10, 11, 12, 13]}'),(163,400,40,14.6,0.7,2,'2017-12-05 15:14:41','2017-12-05 15:25:19',NULL,NULL,'{\"0\": [100, 2], \"12\": [10, 20]}','{\"student_scene\": [1, 2, 14, 15, 16, 17], \"teacher_scene\": [1, 2, 3, 4, 5, 6, 7, 8, 9, 10, 11, 12, 13]}'),(164,100,50,8,0.58,2,'2017-12-05 15:27:51','2017-12-05 15:38:21',NULL,NULL,'{\"0\": [50, 2]}','{\"student_scene\": [1, 2, 14, 15, 16, 17], \"teacher_scene\": [1, 2, 3, 4, 5, 6, 7, 8, 9, 10, 11, 12, 13]}'),(165,60,30,3.9,0.52,2,'2017-12-05 15:38:51','2017-12-05 15:45:33',NULL,NULL,'{\"0\": [10, 2], \"12\": [2, 20]}','{\"student_scene\": [1, 2, 14, 15, 16, 17], \"teacher_scene\": [1, 2, 3, 4, 5, 6, 7, 8, 9, 10, 11, 12, 13]}'),(166,100,20,0,0,1,'2017-12-05 15:46:35',NULL,NULL,NULL,'{\"12\": [10, 10]}','{\"student_scene\": [1, 2, 14, 15, 16, 17], \"teacher_scene\": [1, 2, 3, 4, 5, 6, 7, 8, 9, 10, 11, 12, 13]}'),(167,100,20,20.6,0.22,2,'2017-12-05 15:49:05','2017-12-05 15:49:25',NULL,NULL,'{\"12\": [10, 10]}','{\"student_scene\": [1, 2, 14, 15, 16, 17], \"teacher_scene\": [1, 2, 3, 4, 5, 6, 7, 8, 9, 10, 11, 12, 13]}'),(168,100,10,0,0,2,'2017-12-05 15:50:16','2017-12-05 15:51:40',NULL,NULL,'{\"12\": [10, 10]}','{\"student_scene\": [1, 2, 14, 15, 16, 17], \"teacher_scene\": [1, 2, 3, 4, 5, 6, 7, 8, 9, 10, 11, 12, 13]}'),(169,100,20,0,0,2,'2017-12-05 15:57:47','2017-12-05 16:01:56',NULL,NULL,'{\"12\": [10, 10]}','{\"student_scene\": [1, 2, 14, 15, 16, 17], \"teacher_scene\": [1, 2, 3, 4, 5, 6, 7, 8, 9, 10, 11, 12, 13]}'),(170,20,10,0,0,1,'2017-12-05 16:02:19',NULL,NULL,NULL,'{\"12\": [10, 2]}','{\"student_scene\": [1, 2, 14, 15, 16, 17], \"teacher_scene\": [1, 2, 3, 4, 5, 6, 7, 8, 9, 10, 11, 12, 13]}'),(171,20,10,0,0,1,'2017-12-05 16:03:52',NULL,NULL,NULL,'{\"12\": [10, 2]}','{\"student_scene\": [1, 2, 14, 15, 16, 17], \"teacher_scene\": [1, 2, 3, 4, 5, 6, 7, 8, 9, 10, 11, 12, 13]}'),(172,10,5,0.3,0.88,2,'2017-12-05 16:06:38','2017-12-05 16:08:33',NULL,NULL,'{\"12\": [5, 2]}','{\"student_scene\": [1, 2, 14, 15, 16, 17], \"teacher_scene\": [1, 2, 3, 4, 5, 6, 7, 8, 9, 10, 11, 12, 13]}'),(173,20,10,0,0,2,'2017-12-05 16:35:38','2017-12-05 16:37:09',NULL,NULL,'{\"12\": [10, 2]}','{\"student_scene\": [1, 2, 14, 15, 16, 17], \"teacher_scene\": [1, 2, 3, 4, 5, 6, 7, 8, 9, 10, 11, 12, 13]}'),(174,20,10,4.6,0.26,2,'2017-12-05 16:41:05','2017-12-05 16:47:24',NULL,NULL,'{\"12\": [10, 2]}','{\"student_scene\": [1, 2, 14, 15, 16, 17], \"teacher_scene\": [1, 2, 3, 4, 5, 6, 7, 8, 9, 10, 11, 12, 13]}'),(175,20,10,3.2,0.37,2,'2017-12-05 16:48:01','2017-12-05 16:56:53',NULL,NULL,'{\"12\": [10, 2]}','{\"student_scene\": [1, 2, 14, 15, 16, 17], \"teacher_scene\": [1, 2, 3, 4, 5, 6, 7, 8, 9, 10, 11, 12, 13]}'),(176,400,50,101.8,0.15,2,'2017-12-05 17:07:26','2017-12-05 17:09:49',NULL,NULL,'{\"0\": [100, 2], \"12\": [10, 20]}','{\"student_scene\": [1, 2, 14, 15, 16, 17], \"teacher_scene\": [1, 2, 3, 4, 5, 6, 7, 8, 9, 10, 11, 12, 13]}'),(177,400,40,9.9,0.78,2,'2017-12-05 19:12:12','2017-12-05 19:30:24',NULL,NULL,'{\"0\": [100, 2], \"12\": [10, 20]}','{\"student_scene\": [1, 2, 14, 15, 16, 17], \"teacher_scene\": [1, 2, 3, 4, 5, 6, 7, 8, 9, 10, 11, 12, 13]}'),(178,200,40,32.5,0.36,2,'2017-12-05 19:31:00','2017-12-05 19:35:53',NULL,NULL,'{\"0\": [100, 2]}','{\"student_scene\": [1, 2, 14, 15, 16, 17], \"teacher_scene\": [1, 2, 3, 4, 5, 6, 7, 8, 9, 10, 11, 12, 13]}'),(179,200,40,56.3,0.22,2,'2017-12-05 19:36:24','2017-12-05 19:37:11',NULL,NULL,'{\"0\": [100, 2]}','{\"student_scene\": [1, 2, 14, 15, 16, 17], \"teacher_scene\": [1, 2, 3, 4, 5, 6, 7, 8, 9, 10, 11, 12, 13]}'),(180,400,40,32.8,0.51,2,'2017-12-05 19:55:15','2017-12-05 19:57:59',NULL,NULL,'{\"0\": [100, 2], \"12\": [10, 20]}','{\"student_scene\": [1, 2, 14, 15, 16, 17], \"teacher_scene\": [1, 2, 3, 4, 5, 6, 7, 8, 9, 10, 11, 12, 13]}'),(181,400,40,67.5,0.26,2,'2017-12-05 19:58:31','2017-12-05 19:59:36',NULL,NULL,'{\"0\": [100, 2], \"12\": [10, 20]}','{\"student_scene\": [1, 2, 14, 15, 16, 17], \"teacher_scene\": [1, 2, 3, 4, 5, 6, 7, 8, 9, 10, 11, 12, 13]}'),(182,400,40,146.8,0,2,'2017-12-05 20:09:52','2017-12-05 20:12:27',NULL,NULL,'{\"0\": [100, 2], \"12\": [10, 20]}','{\"student_scene\": [1, 2, 14, 15, 16, 17], \"teacher_scene\": [1, 2, 3, 4, 5, 6, 7, 8, 9, 10, 11, 12, 13]}'),(183,400,40,145.7,0,2,'2017-12-05 20:13:27','2017-12-05 20:16:17',NULL,NULL,'{\"0\": [100, 2], \"12\": [10, 20]}','{\"student_scene\": [1, 2, 14, 15, 16, 17], \"teacher_scene\": [1, 2, 3, 4, 5, 6, 7, 8, 9, 10, 11, 12, 13]}'),(184,400,40,156.8,0,2,'2017-12-06 12:03:19','2017-12-06 12:03:41',NULL,NULL,'{\"0\": [100, 2], \"12\": [10, 20]}','{\"student_scene\": [1, 2, 14, 15, 16, 17], \"teacher_scene\": [1, 2, 3, 4, 5, 6, 7, 8, 9, 10, 11, 12, 13]}'),(185,400,40,144.7,0,2,'2017-12-06 12:10:38','2017-12-06 12:14:05',NULL,NULL,'{\"0\": [100, 2], \"12\": [10, 20]}','{\"student_scene\": [1, 2, 14, 15, 16, 17], \"teacher_scene\": [1, 2, 3, 4, 5, 6, 7, 8, 9, 10, 11, 12, 13]}'),(186,400,40,42.9,0.4,2,'2017-12-06 12:15:19','2017-12-06 12:20:38',NULL,NULL,'{\"0\": [100, 2], \"12\": [10, 20]}','{\"student_scene\": [1, 2, 14, 15, 16, 17], \"teacher_scene\": [1, 2, 3, 4, 5, 6, 7, 8, 9, 10, 11, 12, 13]}'),(187,400,40,46.1,0.38,2,'2017-12-06 12:21:36','2017-12-06 12:22:56',NULL,NULL,'{\"0\": [100, 2], \"12\": [10, 20]}','{\"student_scene\": [1, 2, 14, 15, 16, 17], \"teacher_scene\": [1, 2, 3, 4, 5, 6, 7, 8, 9, 10, 11, 12, 13]}'),(188,400,40,68.8,0.25,2,'2017-12-06 12:25:11','2017-12-06 12:25:47',NULL,NULL,'{\"0\": [100, 2], \"12\": [10, 20]}','{\"student_scene\": [1, 2, 14, 15, 16, 17], \"teacher_scene\": [1, 2, 3, 4, 5, 6, 7, 8, 9, 10, 11, 12, 13]}'),(189,400,40,61.8,0.28,2,'2017-12-06 12:29:14','2017-12-06 12:29:53',NULL,NULL,'{\"0\": [100, 2], \"12\": [10, 20]}','{\"student_scene\": [1, 2, 14, 15, 16, 17], \"teacher_scene\": [1, 2, 3, 4, 5, 6, 7, 8, 9, 10, 11, 12, 13]}'),(190,400,40,55.8,0.32,2,'2017-12-06 12:30:38','2017-12-06 12:33:04',NULL,NULL,'{\"0\": [100, 2], \"12\": [10, 20]}','{\"student_scene\": [1, 2, 14, 15, 16, 17], \"teacher_scene\": [1, 2, 3, 4, 5, 6, 7, 8, 9, 10, 11, 12, 13]}'),(191,400,40,54.1,0.33,2,'2017-12-06 14:03:35','2017-12-06 14:05:22',NULL,NULL,'{\"0\": [100, 2], \"12\": [10, 20]}','{\"student_scene\": [1, 2, 14, 15, 16, 17], \"teacher_scene\": [1, 2, 3, 4, 5, 6, 7, 8, 9, 10, 11, 12, 13]}'),(192,400,40,82,0.21,2,'2017-12-06 14:06:06','2017-12-06 14:06:26',NULL,NULL,'{\"0\": [100, 2], \"12\": [10, 20]}','{\"student_scene\": [1, 2, 14, 15, 16, 17], \"teacher_scene\": [1, 2, 3, 4, 5, 6, 7, 8, 9, 10, 11, 12, 13]}'),(193,400,40,0,0,2,'2017-12-06 14:20:39','2017-12-06 14:25:31',NULL,NULL,'{\"0\": [100, 2], \"12\": [10, 20]}','{\"student_scene\": [1, 2, 14, 15, 16, 17], \"teacher_scene\": [1, 2, 3, 4, 5, 6, 7, 8, 9, 10, 11, 12, 13]}'),(194,400,40,58.2,0.3,2,'2017-12-06 14:26:04','2017-12-06 14:27:17',NULL,NULL,'{\"0\": [100, 2], \"12\": [10, 20]}','{\"student_scene\": [1, 2, 14, 15, 16, 17], \"teacher_scene\": [1, 2, 3, 4, 5, 6, 7, 8, 9, 10, 11, 12, 13]}'),(195,400,40,47.3,0.37,2,'2017-12-06 14:28:25','2017-12-06 14:32:08',NULL,NULL,'{\"0\": [100, 2], \"12\": [10, 20]}','{\"student_scene\": [1, 2, 14, 15, 16, 17], \"teacher_scene\": [1, 2, 3, 4, 5, 6, 7, 8, 9, 10, 11, 12, 13]}'),(196,400,40,143.8,0,2,'2017-12-06 14:32:59','2017-12-06 14:38:23',NULL,NULL,'{\"0\": [100, 2], \"12\": [10, 20]}','{\"student_scene\": [1, 2, 14, 15, 16, 17], \"teacher_scene\": [1, 2, 3, 4, 5, 6, 7, 8, 9, 10, 11, 12, 13]}'),(197,400,40,22.3,0.57,2,'2017-12-06 14:39:13','2017-12-06 14:46:59',NULL,NULL,'{\"0\": [100, 2], \"12\": [10, 20]}','{\"student_scene\": [1, 2, 14, 15, 16, 17], \"teacher_scene\": [1, 2, 3, 4, 5, 6, 7, 8, 9, 10, 11, 12, 13]}'),(198,400,40,144.7,0,2,'2017-12-06 14:50:25','2017-12-06 14:54:58',NULL,NULL,'{\"0\": [100, 2], \"12\": [10, 20]}','{\"student_scene\": [1, 2, 14, 15, 16, 17], \"teacher_scene\": [1, 2, 3, 4, 5, 6, 7, 8, 9, 10, 11, 12, 13]}'),(199,400,40,148.1,0,2,'2017-12-06 14:56:54','2017-12-06 15:27:19',NULL,NULL,'{\"0\": [100, 2], \"12\": [10, 20]}','{\"student_scene\": [1, 2, 14, 15, 16, 17], \"teacher_scene\": [1, 2, 3, 4, 5, 6, 7, 8, 9, 10, 11, 12, 13]}'),(200,400,40,149.2,0,2,'2017-12-06 15:29:20','2017-12-06 15:40:58',NULL,NULL,'{\"0\": [100, 2], \"12\": [10, 20]}','{\"student_scene\": [1, 2, 14, 15, 16, 17], \"teacher_scene\": [1, 2, 3, 4, 5, 6, 7, 8, 9, 10, 11, 12, 13]}'),(201,600,40,0,1,2,'2017-12-06 15:45:24','2017-12-06 15:46:00',NULL,NULL,'{\"0\": [10, 20]}','{\"student_scene\": [1, 2, 14, 15, 16, 17], \"teacher_scene\": [1, 2, 3, 4, 5, 6, 7, 8, 9, 10, 11, 12, 13]}'),(202,600,40,250.4,0,2,'2017-12-06 15:46:35','2017-12-06 15:57:51',NULL,NULL,'{\"0\": [200, 2], \"12\": [10, 20]}','{\"student_scene\": [1, 2, 14, 15, 16, 17], \"teacher_scene\": [1, 2, 3, 4, 5, 6, 7, 8, 9, 10, 11, 12, 13]}'),(203,600,40,249.9,0,2,'2017-12-06 16:00:00','2017-12-06 16:20:30',NULL,NULL,'{\"0\": [200, 2], \"12\": [10, 20]}','{\"student_scene\": [1, 2, 14, 15, 16, 17], \"teacher_scene\": [1, 2, 3, 4, 5, 6, 7, 8, 9, 10, 11, 12, 13]}'),(204,600,40,0,0,2,'2017-12-06 16:21:47','2017-12-06 16:23:48',NULL,NULL,'{\"0\": [200, 2], \"12\": [10, 20]}','{\"student_scene\": [1, 2, 14, 15, 16, 17], \"teacher_scene\": [1, 2, 3, 4, 5, 6, 7, 8, 9, 10, 11, 12, 13]}'),(205,600,40,258.1,0,2,'2017-12-06 16:30:13','2017-12-06 16:38:34',NULL,NULL,'{\"0\": [200, 2], \"12\": [10, 20]}','{\"student_scene\": [1, 2, 14, 15, 16, 17], \"teacher_scene\": [1, 2, 3, 4, 5, 6, 7, 8, 9, 10, 11, 12, 13]}'),(206,800,50,304.4,0,2,'2017-12-06 16:39:48','2017-12-06 16:58:21',NULL,NULL,'{\"0\": [300, 2], \"12\": [10, 20]}','{\"student_scene\": [1, 2, 14, 15, 16, 17], \"teacher_scene\": [1, 2, 3, 4, 5, 6, 7, 8, 9, 10, 11, 12, 13]}'),(207,400,40,130.9,0,2,'2017-12-06 16:59:01','2017-12-06 17:11:43',NULL,NULL,'{\"0\": [100, 2], \"12\": [10, 20]}','{\"student_scene\": [1, 2, 14, 15, 16, 17], \"teacher_scene\": [1, 2, 3, 4, 5, 6, 7, 8, 9, 10, 11, 12, 13]}'),(208,400,40,0,0,1,'2017-12-06 17:14:19',NULL,NULL,NULL,'{\"0\": [100, 2], \"12\": [10, 20]}','{\"student_scene\": [1, 2, 14, 15, 16, 17], \"teacher_scene\": [1, 2, 3, 4, 5, 6, 7, 8, 9, 10, 11, 12, 13]}'),(209,400,40,49.4,0,2,'2017-12-06 17:16:34','2017-12-06 17:23:24',NULL,NULL,'{\"0\": [100, 2], \"12\": [10, 20]}','{\"student_scene\": [1, 2, 14, 15, 16, 17], \"teacher_scene\": [1, 2, 3, 4, 5, 6, 7, 8, 9, 10, 11, 12, 13]}'),(210,400,40,0,0,2,'2017-12-06 17:29:41','2017-12-06 17:29:57',NULL,NULL,'{\"0\": [100, 2], \"12\": [10, 20]}','{\"student_scene\": [1, 2, 14, 15, 16, 17], \"teacher_scene\": [1, 2, 3, 4, 5, 6, 7, 8, 9, 10, 11, 12, 13]}'),(211,400,40,37,0,2,'2017-12-06 17:32:09','2017-12-06 17:36:10',NULL,NULL,'{\"0\": [100, 2], \"12\": [10, 20]}','{\"student_scene\": [1, 2, 14, 15, 16, 17], \"teacher_scene\": [1, 2, 3, 4, 5, 6, 7, 8, 9, 10, 11, 12, 13]}'),(212,400,40,146.2,0.01,2,'2017-12-06 17:39:09','2017-12-06 17:46:34',NULL,NULL,'{\"0\": [100, 2], \"12\": [10, 20]}','{\"student_scene\": [1, 2, 14, 15, 16, 17], \"teacher_scene\": [1, 2, 3, 4, 5, 6, 7, 8, 9, 10, 11, 12, 13]}'),(213,400,40,146.4,0.01,2,'2017-12-06 17:52:08','2017-12-06 18:00:44',NULL,NULL,'{\"0\": [100, 2], \"12\": [10, 20]}','{\"student_scene\": [1, 2, 14, 15, 16, 17], \"teacher_scene\": [1, 2, 3, 4, 5, 6, 7, 8, 9, 10, 11, 12, 13]}'),(214,400,40,145.4,0.01,2,'2017-12-06 18:10:33','2017-12-06 18:17:31',NULL,NULL,'{\"0\": [100, 2], \"12\": [10, 20]}','{\"student_scene\": [1, 2, 14, 15, 16, 17], \"teacher_scene\": [1, 2, 3, 4, 5, 6, 7, 8, 9, 10, 11, 12, 13]}'),(215,400,50,149.7,0,2,'2017-12-07 17:10:22','2017-12-07 17:16:16',NULL,NULL,'{\"0\": [100, 2], \"12\": [10, 20]}','{\"student_scene\": [1, 2, 14, 15, 16, 17], \"teacher_scene\": [1, 2, 3, 4, 5, 6, 7, 8, 9, 10, 11, 12, 13]}'),(216,400,50,148.8,0.01,2,'2017-12-07 17:17:20','2017-12-07 17:20:37',NULL,NULL,'{\"0\": [100, 2], \"12\": [10, 20]}','{\"student_scene\": [1, 2, 14, 15, 16, 17], \"teacher_scene\": [1, 2, 3, 4, 5, 6, 7, 8, 9, 10, 11, 12, 13]}'),(217,400,50,152.8,0.02,2,'2017-12-07 17:22:50','2017-12-07 17:23:29',NULL,NULL,'{\"0\": [100, 2], \"12\": [10, 20]}','{\"student_scene\": [1, 2, 14, 15, 16, 17], \"teacher_scene\": [1, 2, 3, 4, 5, 6, 7, 8, 9, 10, 11, 12, 13]}'),(218,400,50,94.3,0.02,2,'2017-12-07 17:30:11','2017-12-07 17:37:25',NULL,NULL,'{\"0\": [100, 2], \"12\": [10, 20]}','{\"student_scene\": [1, 2, 14, 15, 16, 17], \"teacher_scene\": [1, 2, 3, 4, 5, 6, 7, 8, 9, 10, 11, 12, 13]}'),(219,400,50,46.7,0.02,2,'2017-12-07 17:42:24','2017-12-07 19:09:37',NULL,NULL,'{\"0\": [100, 2], \"12\": [10, 20]}','{\"student_scene\": [1, 2, 14, 15, 16, 17], \"teacher_scene\": [1, 2, 3, 4, 5, 6, 7, 8, 9, 10, 11, 12, 13]}'),(220,400,50,153.9,0,2,'2017-12-07 19:33:24','2017-12-07 19:35:16',NULL,NULL,'{\"0\": [100, 2], \"12\": [10, 20]}','{\"student_scene\": [1, 2, 14, 15, 16, 17], \"teacher_scene\": [1, 2, 3, 4, 5, 6, 7, 8, 9, 10, 11, 12, 13]}'),(221,400,50,150.8,0,2,'2017-12-07 19:38:26','2017-12-07 19:43:08',NULL,NULL,'{\"0\": [100, 2], \"12\": [10, 20]}','{\"student_scene\": [1, 2, 14, 15, 16, 17], \"teacher_scene\": [1, 2, 3, 4, 5, 6, 7, 8, 9, 10, 11, 12, 13]}'),(222,400,50,153.9,0,2,'2017-12-07 19:46:44','2017-12-07 19:48:22',NULL,NULL,'{\"0\": [100, 2], \"12\": [10, 20]}','{\"student_scene\": [1, 2, 14, 15, 16, 17], \"teacher_scene\": [1, 2, 3, 4, 5, 6, 7, 8, 9, 10, 11, 12, 13]}'),(223,400,50,151.2,0,2,'2017-12-07 19:51:02','2017-12-07 19:52:54',NULL,NULL,'{\"0\": [100, 2], \"12\": [10, 20]}','{\"student_scene\": [1, 2, 14, 15, 16, 17], \"teacher_scene\": [1, 2, 3, 4, 5, 6, 7, 8, 9, 10, 11, 12, 13]}'),(224,400,50,156.9,0,2,'2017-12-07 19:53:29','2017-12-07 19:54:44',NULL,NULL,'{\"0\": [100, 2], \"12\": [10, 20]}','{\"student_scene\": [1, 2, 14, 15, 16, 17], \"teacher_scene\": [1, 2, 3, 4, 5, 6, 7, 8, 9, 10, 11, 12, 13]}'),(225,0,0,0,0,0,NULL,NULL,NULL,NULL,'{\"0\": [10000, 2], \"12\": [500, 20]}','{\"student_scene\": [1, 2, 14, 15, 16, 17], \"teacher_scene\": [1, 2, 3, 4, 5, 6, 7, 8, 9, 10, 11, 12, 13]}'),(226,0,0,0,0,0,NULL,NULL,NULL,NULL,'{\"0\": [10000, 2], \"12\": [500, 20]}','{\"student_scene\": [1, 2, 14, 15, 16, 17], \"teacher_scene\": [1, 2, 3, 4, 5, 6, 7, 8, 9, 10, 11, 12, 13]}'),(227,0,0,0,0,0,NULL,NULL,NULL,NULL,'{\"0\": [200000, 2], \"12\": [5000, 20]}','{\"student_scene\": [1, 2, 14, 15, 16, 17], \"teacher_scene\": [1, 2, 3, 4, 5, 6, 7, 8, 9, 10, 11, 12, 13]}'),(228,400,50,147.7,0,2,'2017-12-08 10:58:37','2017-12-08 11:05:45',NULL,NULL,'{\"0\": [100, 2], \"12\": [10, 20]}','{\"student_scene\": [1, 2, 14, 15, 16, 17], \"teacher_scene\": [1, 2, 3, 4, 5, 6, 7, 8, 9, 10, 11, 12, 13]}'),(229,400,50,150.5,0,2,'2017-12-08 11:08:56','2017-12-08 11:16:54',NULL,NULL,'{\"0\": [100, 2], \"12\": [10, 20]}','{\"student_scene\": [1, 2, 14, 15, 16, 17], \"teacher_scene\": [1, 2, 3, 4, 5, 6, 7, 8, 9, 10, 11, 12, 13]}'),(230,600,50,229.2,0,2,'2017-12-08 11:22:46','2017-12-08 11:53:24',NULL,NULL,'{\"0\": [200, 2], \"12\": [10, 20]}','{\"student_scene\": [1, 2, 14, 15, 16, 17], \"teacher_scene\": [1, 2, 3, 4, 5, 6, 7, 8, 9, 10, 11, 12, 13]}'),(231,400,50,0,0,2,'2017-12-08 15:13:00','2017-12-08 15:13:17',NULL,NULL,'{\"0\": [100, 2], \"12\": [10, 20]}','{\"student_scene\": [1, 2, 14, 15, 16, 17], \"teacher_scene\": [1, 2, 3, 4, 5, 6, 7, 8, 9, 10, 11, 12, 13]}'),(232,400,50,0,1,2,'2017-12-08 15:22:49','2017-12-08 15:33:53',NULL,NULL,'{\"0\": [100, 2], \"12\": [10, 20]}','{\"student_scene\": [1, 2, 14, 15, 16, 17], \"teacher_scene\": [1, 2, 3, 4, 5, 6, 7, 8, 9, 10, 11, 12, 13]}'),(233,400,50,150.2,0,2,'2017-12-08 15:43:25','2017-12-08 15:51:56',NULL,NULL,'{\"0\": [100, 2], \"12\": [10, 20]}','{\"student_scene\": [1, 2, 14, 15, 16, 17], \"teacher_scene\": [1, 2, 3, 4, 5, 6, 7, 8, 9, 10, 11, 12, 13]}'),(234,800,50,369.9,0,2,'2017-12-08 15:52:55','2017-12-08 16:12:41',NULL,NULL,'{\"0\": [300, 2], \"12\": [10, 20]}','{\"student_scene\": [1, 2, 14, 15, 16, 17], \"teacher_scene\": [1, 2, 3, 4, 5, 6, 7, 8, 9, 10, 11, 12, 13]}'),(235,400,40,151.2,0,2,'2017-12-13 09:57:50','2017-12-13 09:59:13',NULL,NULL,'{\"0\": [100, 2], \"12\": [10, 20]}','{\"student_scene\": [1, 2, 14, 15, 16, 17], \"teacher_scene\": [1, 2, 3, 4, 5, 6, 7, 8, 9, 10, 11, 12, 13]}'),(236,0,0,0,0,0,NULL,NULL,NULL,NULL,'{\"0\": [100, 2], \"12\": [10, 20]}','{\"student_scene\": [1, 2, 14, 15, 16, 17], \"teacher_scene\": [1, 2, 3, 4, 5, 6, 7, 8, 9, 10, 11, 12, 13]}'),(237,400,20,137.6,0.12,2,'2017-12-13 10:04:49','2017-12-13 10:07:16',NULL,NULL,'{\"0\": [100, 2], \"12\": [10, 20]}','{\"student_scene\": [1, 2, 14, 15, 16, 17], \"teacher_scene\": [1, 2, 3, 4, 5, 6, 7, 8, 9, 10, 11, 12, 13]}'),(238,400,20,132.6,0.12,2,'2017-12-13 10:17:13','2017-12-13 10:17:57',NULL,NULL,'{\"0\": [100, 2], \"12\": [10, 20]}','{\"student_scene\": [1, 2, 14, 15, 16, 17], \"teacher_scene\": [1, 2, 3, 4, 5, 6, 7, 8, 9, 10, 11, 12, 13]}'),(239,0,0,0,0,0,NULL,NULL,NULL,NULL,'{\"0\": [2, 2], \"12\": [20, 20]}','{\"student_scene\": [1, 2, 14, 15, 16, 17], \"teacher_scene\": [1, 2, 3, 4, 5, 6, 7, 8, 9, 10, 11, 12, 13]}'),(240,800,40,286.3,0,2,'2017-12-13 10:20:36','2017-12-13 10:21:52',NULL,NULL,'{\"0\": [200, 2], \"12\": [20, 20]}','{\"student_scene\": [1, 2, 14, 15, 16, 17], \"teacher_scene\": [1, 2, 3, 4, 5, 6, 7, 8, 9, 10, 11, 12, 13]}'),(241,0,0,0,0,0,NULL,NULL,NULL,NULL,'{\"0\": [10, 2]}','{\"student_scene\": [1, 2, 14, 15, 16, 17], \"teacher_scene\": [1, 2, 3, 4, 5, 6, 7, 8, 9, 10, 11, 12, 13]}'),(242,20,10,11.9,0,2,'2017-12-14 11:41:45','2017-12-14 11:44:37',NULL,NULL,'{\"0\": [10, 2]}','{\"student_scene\": [1, 2, 14, 15, 16, 17], \"teacher_scene\": [1, 2, 3, 4, 5, 6, 7, 8, 9, 10, 11, 12, 13]}'),(243,20,10,11.3,0,2,'2017-12-14 11:45:14','2017-12-14 11:50:54',NULL,NULL,'{\"0\": [10, 2]}','{\"student_scene\": [1, 2, 14, 15, 16, 17], \"teacher_scene\": [1, 2, 3, 4, 5, 6, 7, 8, 9, 10, 11, 12, 13]}'),(244,20,10,11.1,0,2,'2017-12-14 11:51:36','2017-12-14 12:11:54',NULL,NULL,'{\"0\": [10, 2]}','{\"student_scene\": [1, 2, 14, 15, 16, 17], \"teacher_scene\": [1, 2, 3, 4, 5, 6, 7, 8, 9, 10, 11, 12, 13]}'),(245,20,10,11.6,0,2,'2017-12-14 15:57:50','2017-12-14 16:00:29',NULL,NULL,'{\"0\": [10, 2]}','{\"student_scene\": [1, 2, 14, 15, 16, 17], \"teacher_scene\": [1, 2, 3, 4, 5, 6, 7, 8, 9, 10, 11, 12, 13]}'),(246,200,20,0,0,2,'2017-12-15 14:01:46','2017-12-15 14:03:28',NULL,NULL,'{\"0\": [100, 2]}','{\"student_scene\": [1, 2, 14, 15, 16, 17], \"teacher_scene\": [1, 2, 3, 4, 5, 6, 7, 8, 9, 10, 11, 12, 13]}'),(247,200,20,0,0,1,'2017-12-15 14:04:14',NULL,NULL,NULL,'{\"0\": [100, 2]}','{\"student_scene\": [1, 2, 14, 15, 16, 17], \"teacher_scene\": [1, 2, 3, 4, 5, 6, 7, 8, 9, 10, 11, 12, 13]}'),(248,0,0,0,0,0,NULL,NULL,NULL,NULL,'{\"0\": [100, 2]}','{\"student_scene\": [1, 2, 14, 15, 16, 17], \"teacher_scene\": [1, 2, 3, 4, 5, 6, 7, 8, 9, 10, 11, 12, 13]}'),(249,200,20,0,0,2,'2017-12-15 14:08:43','2017-12-15 14:14:16',NULL,NULL,'{\"0\": [100, 2]}','{\"student_scene\": [1, 2, 14, 15, 16, 17], \"teacher_scene\": [1, 2, 3, 4, 5, 6, 7, 8, 9, 10, 11, 12, 13]}'),(250,200,20,0,0,2,'2017-12-15 14:17:57','2017-12-15 14:19:41',NULL,NULL,'{\"0\": [100, 2]}','{\"student_scene\": [1, 2, 14, 15, 16, 17], \"teacher_scene\": [1, 2, 3, 4, 5, 6, 7, 8, 9, 10, 11, 12, 13]}'),(251,200,20,0,1,2,'2017-12-15 14:49:09','2017-12-15 14:56:16',NULL,NULL,'{\"0\": [100, 2]}','{\"student_scene\": [1, 2, 14, 15, 16, 17], \"teacher_scene\": [1, 2, 3, 4, 5, 6, 7, 8, 9, 10, 11, 12, 13]}'),(252,1000,50,0,1,2,'2017-12-15 15:13:06','2017-12-15 15:40:20',NULL,NULL,'{\"0\": [500, 2]}','{\"student_scene\": [1, 2, 14, 15, 16, 17], \"teacher_scene\": [1, 2, 3, 4, 5, 6, 7, 8, 9, 10, 11, 12, 13]}'),(253,20,10,12,0,2,'2017-12-15 15:42:26','2017-12-15 15:53:43',NULL,NULL,'{\"0\": [10, 2]}','{\"student_scene\": [1, 2, 14, 15, 16, 17], \"teacher_scene\": [1, 2, 3, 4, 5, 6, 7, 8, 9, 10, 11, 12, 13]}'),(254,200,20,0,0,1,'2017-12-15 15:56:47',NULL,NULL,NULL,'{\"0\": [100, 2]}','{\"student_scene\": [1, 2, 14, 15, 16, 17], \"teacher_scene\": [1, 2, 3, 4, 5, 6, 7, 8, 9, 10, 11, 12, 13]}'),(255,200,20,0,1,2,'2017-12-15 16:10:00','2017-12-15 16:14:54',NULL,NULL,'{\"0\": [100, 2]}','{\"student_scene\": [1, 2, 14, 15, 16, 17], \"teacher_scene\": [1, 2, 3, 4, 5, 6, 7, 8, 9, 10, 11, 12, 13]}'),(256,200,20,0,1,2,'2017-12-15 17:42:55','2017-12-15 17:43:14',NULL,NULL,'{\"0\": [100, 2]}','{\"student_scene\": [1, 2, 14, 15, 16, 17], \"teacher_scene\": [1, 2, 3, 4, 5, 6, 7, 8, 9, 10, 11, 12, 13]}'),(257,20,10,8.6,0,2,'2017-12-15 17:44:14','2017-12-15 18:07:15',NULL,NULL,'{\"0\": [10, 2]}','{\"student_scene\": [1, 2, 14, 15, 16, 17], \"teacher_scene\": [1, 2, 3, 4, 5, 6, 7, 8, 9, 10, 11, 12, 13]}'),(258,0,0,0,0,1,'2017-12-18 16:08:29',NULL,NULL,NULL,'',''),(259,10000,100,0,0,1,'2017-12-18 18:36:05',NULL,NULL,NULL,'',''),(260,10000,100,0,0,1,'2017-12-18 19:27:32',NULL,NULL,NULL,'',''),(261,0,0,0,0,1,'2017-12-18 19:28:18',NULL,NULL,NULL,'',''),(263,0,0,0,0,1,'2017-12-18 19:30:16',NULL,NULL,NULL,'',''),(265,0,0,0,0,0,NULL,NULL,NULL,NULL,'{\"0\": [10, 2]}','{\"student_scene\": [1, 2, 14, 15, 16, 17], \"teacher_scene\": [1, 2, 3, 4, 5, 6, 7, 8, 9, 10, 11, 12, 13]}'),(266,0,0,0,0,0,NULL,NULL,NULL,NULL,'{\"0\": [10, 2]}','{\"student_scene\": [1, 2, 14, 15, 16, 17], \"teacher_scene\": [1, 2, 3, 4, 5, 6, 7, 8, 9, 10, 11, 12, 13]}'),(267,0,0,0,0,0,NULL,NULL,NULL,NULL,'{\"0\": [10, 2]}','{\"student_scene\": [1, 2, 14, 15, 16, 17], \"teacher_scene\": [1, 2, 3, 4, 5, 6, 7, 8, 9, 10, 11, 12, 13]}'),(268,20,10,10.7,0,2,'2017-12-18 19:50:00','2017-12-18 19:52:13','{\"errors\": [], \"stats\": [{\"median_response_time\": 43, \"min_response_time\": 31, \"current_rps\": 0.9, \"name\": \"do_add_textbook\", \"num_failures\": 0, \"max_response_time\": 197, \"avg_content_length\": 7, \"avg_response_time\": 59.75833333333333, \"method\": \"1V1 class test-Teacher\", \"num_requests\": 120}, {\"median_response_time\": 43, \"min_response_time\": 31, \"current_rps\": 0.9, \"name\": \"do_add_white_board\", \"num_failures\": 0, \"max_response_time\": 230, \"avg_content_length\": 7, \"avg_response_time\": 47.833333333333336, \"method\": \"1V1 class test-Teacher\", \"num_requests\": 120}, {\"median_response_time\": 88, \"min_response_time\": 53, \"current_rps\": 0.9, \"name\": \"do_change_textbook_page\", \"num_failures\": 0, \"max_response_time\": 1689, \"avg_content_length\": 5, \"avg_response_time\": 369.35, \"method\": \"1V1 class test-Teacher\", \"num_requests\": 120}, {\"median_response_time\": 43, \"min_response_time\": 32, \"current_rps\": 0.9, \"name\": \"do_clear_textbook\", \"num_failures\": 0, \"max_response_time\": 230, \"avg_content_length\": 5, \"avg_response_time\": 44.68333333333333, \"method\": \"1V1 class test-Teacher\", \"num_requests\": 120}, {\"median_response_time\": 43, \"min_response_time\": 32, \"current_rps\": 1.0, \"name\": \"do_clear_white_board\", \"num_failures\": 0, \"max_response_time\": 230, \"avg_content_length\": 5, \"avg_response_time\": 44.75, \"method\": \"1V1 class test-Teacher\", \"num_requests\": 120}, {\"median_response_time\": 43, \"min_response_time\": 32, \"current_rps\": 0.9, \"name\": \"do_delete_textbook\", \"num_failures\": 0, \"max_response_time\": 218, \"avg_content_length\": 7, \"avg_response_time\": 44.041666666666664, \"method\": \"1V1 class test-Teacher\", \"num_requests\": 120}, {\"median_response_time\": 43, \"min_response_time\": 32, \"current_rps\": 1.0, \"name\": \"do_delete_white_board\", \"num_failures\": 0, \"max_response_time\": 231, \"avg_content_length\": 7, \"avg_response_time\": 50.15833333333333, \"method\": \"1V1 class test-Teacher\", \"num_requests\": 120}, {\"median_response_time\": 43, \"min_response_time\": 10, \"current_rps\": 0.9, \"name\": \"do_get_pen_color\", \"num_failures\": 0, \"max_response_time\": 1996, \"avg_content_length\": 3, \"avg_response_time\": 383.7, \"method\": \"1V1 class test-Student\", \"num_requests\": 120}, {\"median_response_time\": 230, \"min_response_time\": 218, \"current_rps\": 0.8, \"name\": \"do_hand_down\", \"num_failures\": 0, \"max_response_time\": 678, \"avg_content_length\": 2, \"avg_response_time\": 254.43333333333334, \"method\": \"1V1 class test-Student\", \"num_requests\": 120}, {\"median_response_time\": 230, \"min_response_time\": 218, \"current_rps\": 0.7, \"name\": \"do_hand_up\", \"num_failures\": 0, \"max_response_time\": 1229, \"avg_content_length\": 2, \"avg_response_time\": 321.93333333333334, \"method\": \"1V1 class test-Student\", \"num_requests\": 120}, {\"median_response_time\": 43, \"min_response_time\": 31, \"current_rps\": 0.9, \"name\": \"do_modify_textbook\", \"num_failures\": 0, \"max_response_time\": 54, \"avg_content_length\": 7, \"avg_response_time\": 41.21666666666667, \"method\": \"1V1 class test-Teacher\", \"num_requests\": 120}, {\"median_response_time\": 88, \"min_response_time\": 75, \"current_rps\": 0.9, \"name\": \"do_modify_white_board\", \"num_failures\": 0, \"max_response_time\": 262, \"avg_content_length\": 7, \"avg_response_time\": 128.28333333333333, \"method\": \"1V1 class test-Teacher\", \"num_requests\": 120}, {\"median_response_time\": 55, \"min_response_time\": 53, \"current_rps\": 0.0, \"name\": \"enter_class\", \"num_failures\": 0, \"max_response_time\": 109, \"avg_content_length\": 21, \"avg_response_time\": 67.9, \"method\": \"1V1 class test-Student\", \"num_requests\": 20}, {\"median_response_time\": 65, \"min_response_time\": 54, \"current_rps\": 0.0, \"name\": \"enter_class\", \"num_failures\": 0, \"max_response_time\": 110, \"avg_content_length\": 21, \"avg_response_time\": 66.95, \"method\": \"1V1 class test-Teacher\", \"num_requests\": 20}, {\"median_response_time\": 230, \"min_response_time\": 229, \"current_rps\": 0.0, \"name\": \"login\", \"num_failures\": 0, \"max_response_time\": 233, \"avg_content_length\": 7, \"avg_response_time\": 230.2, \"method\": \"1V1 class test-Student\", \"num_requests\": 20}, {\"median_response_time\": 230, \"min_response_time\": 229, \"current_rps\": 0.0, \"name\": \"login\", \"num_failures\": 0, \"max_response_time\": 231, \"avg_content_length\": 7, \"avg_response_time\": 230.0, \"method\": \"1V1 class test-Teacher\", \"num_requests\": 20}, {\"median_response_time\": 43, \"min_response_time\": 10, \"current_rps\": 10.7, \"name\": \"Total\", \"num_failures\": 0, \"max_response_time\": 1996, \"avg_content_length\": 5, \"avg_response_time\": 149.15657894736842, \"method\": null, \"num_requests\": 1520}], \"fail_ratio\": 0.0, \"slave_count\": 2, \"state\": \"running\", \"user_count\": 20, \"total_rps\": 10.7}','{\"exceptions\": []}','',''),(269,30,10,12.1,0.13,2,'2017-12-19 12:16:28','2017-12-19 12:18:07','{\"errors\": [{\"error\": \"u\'ResponseError(\\\"Response msg: {\\\\\'Status\\\\\': \\\\\'\\\\\\\\\\\\\\\\xa9\\\\\', \\\\\'StudentNum\\\\\': 0, \\\\\'OwnerIn\\\\\': \\\\\'\\\\\\\\\\\\\\\\x00\\\\\', \\\\\'OperatonFlag\\\\\': 1703936, \\\\\'SchoolName\\\\\': \\\\\'\\\\\', \\\\\'CourseID\\\\\': 140365577968575L, \\\\\'CID\\\\\': 1008806316530991115L, \\\\\'ClassName\\\\\': \\\\\'\\\\\', \\\\\'TeacherID\\\\\': 35933587959955456L, \\\\\'TeacherIn\\\\\': \\\\\'\\\\\\\\\\\\\\\\x00\\\\\', \\\\\'RspCode\\\\\': 1048596, \\\\\'TeacherName\\\\\': \\\\\'\\\\\', \\\\\'OwnerName\\\\\': \\\\\'\\\\\', \\\\\'StartTime\\\\\': 1751768144, \\\\\'SID\\\\\': 140365577968528L, \\\\\'SwitchFlag\\\\\': 16646144, \\\\\'OwnerID\\\\\': 34359738368L, \\\\\'AssistantNum\\\\\': 0, \\\\\'MsgMode\\\\\': \\\\\'\\\\\\\\\\\\\\\\x7f\\\\\', \\\\\'Assistants\\\\\': [], \\\\\'Students\\\\\': []}\\\",)\'\", \"method\": \"public class test-Student\", \"occurences\": 45, \"name\": \"enter_class\"}, {\"error\": \"u\'ResponseError(\\\"Response msg: {\\\\\'Status\\\\\': \\\\\'\\\\\\\\\\\\\\\\xa9\\\\\', \\\\\'StudentNum\\\\\': 0, \\\\\'OwnerIn\\\\\': \\\\\'\\\\\\\\\\\\\\\\x00\\\\\', \\\\\'OperatonFlag\\\\\': 1703936, \\\\\'SchoolName\\\\\': \\\\\'\\\\\', \\\\\'CourseID\\\\\': 140365578496959L, \\\\\'CID\\\\\': 1008806316530991114L, \\\\\'ClassName\\\\\': \\\\\'\\\\\', \\\\\'TeacherID\\\\\': 35933588095221760L, \\\\\'TeacherIn\\\\\': \\\\\'\\\\\\\\\\\\\\\\x00\\\\\', \\\\\'RspCode\\\\\': 1048596, \\\\\'TeacherName\\\\\': \\\\\'\\\\\', \\\\\'OwnerName\\\\\': \\\\\'\\\\\', \\\\\'StartTime\\\\\': 1752296528, \\\\\'SID\\\\\': 140365578496912L, \\\\\'SwitchFlag\\\\\': 16646144, \\\\\'OwnerID\\\\\': 34359738368L, \\\\\'AssistantNum\\\\\': 0, \\\\\'MsgMode\\\\\': \\\\\'\\\\\\\\\\\\\\\\x7f\\\\\', \\\\\'Assistants\\\\\': [], \\\\\'Students\\\\\': []}\\\",)\'\", \"method\": \"public class test-StaticStudent\", \"occurences\": 36, \"name\": \"enter_class\"}, {\"error\": \"u\'OperateTimeout(\\\"{\\\\\'result\\\\\': \\\\\'time out\\\\\'}\\\",)\'\", \"method\": \"public class test-Teacher\", \"occurences\": 1, \"name\": \"do_add_textbook\"}, {\"error\": \"u\'ResponseError(\\\"Response msg: {\\\\\'Status\\\\\': \\\\\'\\\\\\\\\\\\\\\\xa9\\\\\', \\\\\'StudentNum\\\\\': 0, \\\\\'OwnerIn\\\\\': \\\\\'\\\\\\\\\\\\\\\\x00\\\\\', \\\\\'OperatonFlag\\\\\': 1703936, \\\\\'SchoolName\\\\\': \\\\\'\\\\\', \\\\\'CourseID\\\\\': 140365578496959L, \\\\\'CID\\\\\': 1008806316530991114L, \\\\\'ClassName\\\\\': \\\\\'\\\\\', \\\\\'TeacherID\\\\\': 35933588095221760L, \\\\\'TeacherIn\\\\\': \\\\\'\\\\\\\\\\\\\\\\x00\\\\\', \\\\\'RspCode\\\\\': 1048596, \\\\\'TeacherName\\\\\': \\\\\'\\\\\', \\\\\'OwnerName\\\\\': \\\\\'\\\\\', \\\\\'StartTime\\\\\': 1752296528, \\\\\'SID\\\\\': 140365578496912L, \\\\\'SwitchFlag\\\\\': 16646144, \\\\\'OwnerID\\\\\': 34359738368L, \\\\\'AssistantNum\\\\\': 0, \\\\\'MsgMode\\\\\': \\\\\'\\\\\\\\\\\\\\\\x7f\\\\\', \\\\\'Assistants\\\\\': [], \\\\\'Students\\\\\': []}\\\",)\'\", \"method\": \"public class test-Teacher\", \"occurences\": 6, \"name\": \"enter_class\"}, {\"error\": \"u\'OperateTimeout(\\\"{\\\\\'result\\\\\': \\\\\'time out\\\\\'}\\\",)\'\", \"method\": \"1V1 class test-Student\", \"occurences\": 2, \"name\": \"do_hand_down\"}, {\"error\": \"u\'OperateTimeout(\\\"{\\\\\'result\\\\\': \\\\\'time out\\\\\'}\\\",)\'\", \"method\": \"1V1 class test-Student\", \"occurences\": 5, \"name\": \"do_hand_up\"}, {\"error\": \"u\'OperateTimeout(\\\"{\\\\\'result\\\\\': \\\\\'time out\\\\\'}\\\",)\'\", \"method\": \"public class test-Teacher\", \"occurences\": 2, \"name\": \"do_change_textbook_page\"}, {\"error\": \"u\'OperateTimeout(\\\"{\\\\\'result\\\\\': \\\\\'time out\\\\\'}\\\",)\'\", \"method\": \"1V1 class test-Student\", \"occurences\": 20, \"name\": \"do_get_pen_color\"}, {\"error\": \"u\'ResponseError(\\\"Response msg: {\\\\\'Status\\\\\': \\\\\'\\\\\\\\\\\\\\\\xa9\\\\\', \\\\\'StudentNum\\\\\': 0, \\\\\'OwnerIn\\\\\': \\\\\'\\\\\\\\\\\\\\\\x00\\\\\', \\\\\'OperatonFlag\\\\\': 1703936, \\\\\'SchoolName\\\\\': \\\\\'\\\\\', \\\\\'CourseID\\\\\': 140365577968575L, \\\\\'CID\\\\\': 1008806316530991115L, \\\\\'ClassName\\\\\': \\\\\'\\\\\', \\\\\'TeacherID\\\\\': 35933587959955456L, \\\\\'TeacherIn\\\\\': \\\\\'\\\\\\\\\\\\\\\\x00\\\\\', \\\\\'RspCode\\\\\': 1048596, \\\\\'TeacherName\\\\\': \\\\\'\\\\\', \\\\\'OwnerName\\\\\': \\\\\'\\\\\', \\\\\'StartTime\\\\\': 1751768144, \\\\\'SID\\\\\': 140365577968528L, \\\\\'SwitchFlag\\\\\': 16646144, \\\\\'OwnerID\\\\\': 34359738368L, \\\\\'AssistantNum\\\\\': 0, \\\\\'MsgMode\\\\\': \\\\\'\\\\\\\\\\\\\\\\x7f\\\\\', \\\\\'Assistants\\\\\': [], \\\\\'Students\\\\\': []}\\\",)\'\", \"method\": \"public class test-Teacher\", \"occurences\": 7, \"name\": \"enter_class\"}, {\"error\": \"u\'ResponseError(\\\"Response msg: {\\\\\'Status\\\\\': \\\\\'\\\\\\\\\\\\\\\\xa9\\\\\', \\\\\'StudentNum\\\\\': 0, \\\\\'OwnerIn\\\\\': \\\\\'\\\\\\\\\\\\\\\\x00\\\\\', \\\\\'OperatonFlag\\\\\': 1703936, \\\\\'SchoolName\\\\\': \\\\\'\\\\\', \\\\\'CourseID\\\\\': 140365577968575L, \\\\\'CID\\\\\': 1008806316530991115L, \\\\\'ClassName\\\\\': \\\\\'\\\\\', \\\\\'TeacherID\\\\\': 35933587959955456L, \\\\\'TeacherIn\\\\\': \\\\\'\\\\\\\\\\\\\\\\x00\\\\\', \\\\\'RspCode\\\\\': 1048596, \\\\\'TeacherName\\\\\': \\\\\'\\\\\', \\\\\'OwnerName\\\\\': \\\\\'\\\\\', \\\\\'StartTime\\\\\': 1751768144, \\\\\'SID\\\\\': 140365577968528L, \\\\\'SwitchFlag\\\\\': 16646144, \\\\\'OwnerID\\\\\': 34359738368L, \\\\\'AssistantNum\\\\\': 0, \\\\\'MsgMode\\\\\': \\\\\'\\\\\\\\\\\\\\\\x7f\\\\\', \\\\\'Assistants\\\\\': [], \\\\\'Students\\\\\': []}\\\",)\'\", \"method\": \"public class test-StaticStudent\", \"occurences\": 17, \"name\": \"enter_class\"}, {\"error\": \"u\'ResponseError(\\\"Response msg: {\\\\\'Status\\\\\': \\\\\'\\\\\\\\\\\\\\\\xa9\\\\\', \\\\\'StudentNum\\\\\': 0, \\\\\'OwnerIn\\\\\': \\\\\'\\\\\\\\\\\\\\\\x00\\\\\', \\\\\'OperatonFlag\\\\\': 1703936, \\\\\'SchoolName\\\\\': \\\\\'\\\\\', \\\\\'CourseID\\\\\': 140365578496959L, \\\\\'CID\\\\\': 1008806316530991114L, \\\\\'ClassName\\\\\': \\\\\'\\\\\', \\\\\'TeacherID\\\\\': 35933588095221760L, \\\\\'TeacherIn\\\\\': \\\\\'\\\\\\\\\\\\\\\\x00\\\\\', \\\\\'RspCode\\\\\': 1048596, \\\\\'TeacherName\\\\\': \\\\\'\\\\\', \\\\\'OwnerName\\\\\': \\\\\'\\\\\', \\\\\'StartTime\\\\\': 1752296528, \\\\\'SID\\\\\': 140365578496912L, \\\\\'SwitchFlag\\\\\': 16646144, \\\\\'OwnerID\\\\\': 34359738368L, \\\\\'AssistantNum\\\\\': 0, \\\\\'MsgMode\\\\\': \\\\\'\\\\\\\\\\\\\\\\x7f\\\\\', \\\\\'Assistants\\\\\': [], \\\\\'Students\\\\\': []}\\\",)\'\", \"method\": \"public class test-Student\", \"occurences\": 32, \"name\": \"enter_class\"}, {\"error\": \"u\'OperateTimeout(\\\"{\\\\\'result\\\\\': \\\\\'time out\\\\\'}\\\",)\'\", \"method\": \"1V1 class test-Teacher\", \"occurences\": 20, \"name\": \"do_change_textbook_page\"}, {\"error\": \"u\'OperateTimeout(\\\"{\\\\\'result\\\\\': \\\\\'time out\\\\\'}\\\",)\'\", \"method\": \"public class test-Student\", \"occurences\": 1, \"name\": \"do_get_pen_color\"}], \"stats\": [{\"median_response_time\": 280, \"min_response_time\": 207, \"current_rps\": 0.9, \"name\": \"do_add_textbook\", \"num_failures\": 0, \"max_response_time\": 899, \"avg_content_length\": 7, \"avg_response_time\": 401.03409090909093, \"method\": \"1V1 class test-Teacher\", \"num_requests\": 88}, {\"median_response_time\": 230, \"min_response_time\": 0, \"current_rps\": 0.0, \"name\": \"do_add_textbook\", \"num_failures\": 1, \"max_response_time\": 876, \"avg_content_length\": 7, \"avg_response_time\": 204.0909090909091, \"method\": \"public class test-Teacher\", \"num_requests\": 11}, {\"median_response_time\": 43, \"min_response_time\": 32, \"current_rps\": 0.9, \"name\": \"do_add_white_board\", \"num_failures\": 0, \"max_response_time\": 503, \"avg_content_length\": 7, \"avg_response_time\": 52.9080459770115, \"method\": \"1V1 class test-Teacher\", \"num_requests\": 87}, {\"median_response_time\": 43, \"min_response_time\": 43, \"current_rps\": 0.0, \"name\": \"do_add_white_board\", \"num_failures\": 0, \"max_response_time\": 230, \"avg_content_length\": 7, \"avg_response_time\": 61.5, \"method\": \"public class test-Teacher\", \"num_requests\": 12}, {\"median_response_time\": 0, \"min_response_time\": 0, \"current_rps\": 1.0, \"name\": \"do_change_textbook_page\", \"num_failures\": 20, \"max_response_time\": 0, \"avg_content_length\": 5, \"avg_response_time\": 0.0, \"method\": \"1V1 class test-Teacher\", \"num_requests\": 68}, {\"median_response_time\": 0, \"min_response_time\": 0, \"current_rps\": 0.0, \"name\": \"do_change_textbook_page\", \"num_failures\": 2, \"max_response_time\": 0, \"avg_content_length\": 5, \"avg_response_time\": 0.0, \"method\": \"public class test-Teacher\", \"num_requests\": 10}, {\"median_response_time\": 43, \"min_response_time\": 32, \"current_rps\": 0.9, \"name\": \"do_clear_textbook\", \"num_failures\": 0, \"max_response_time\": 230, \"avg_content_length\": 5, \"avg_response_time\": 52.84090909090909, \"method\": \"1V1 class test-Teacher\", \"num_requests\": 88}, {\"median_response_time\": 43, \"min_response_time\": 32, \"current_rps\": 0.0, \"name\": \"do_clear_textbook\", \"num_failures\": 0, \"max_response_time\": 45, \"avg_content_length\": 5, \"avg_response_time\": 42.5, \"method\": \"public class test-Teacher\", \"num_requests\": 12}, {\"median_response_time\": 43, \"min_response_time\": 32, \"current_rps\": 0.9, \"name\": \"do_clear_white_board\", \"num_failures\": 0, \"max_response_time\": 230, \"avg_content_length\": 5, \"avg_response_time\": 52.241379310344826, \"method\": \"1V1 class test-Teacher\", \"num_requests\": 87}, {\"median_response_time\": 43, \"min_response_time\": 32, \"current_rps\": 0.0, \"name\": \"do_clear_white_board\", \"num_failures\": 0, \"max_response_time\": 55, \"avg_content_length\": 5, \"avg_response_time\": 43.333333333333336, \"method\": \"public class test-Teacher\", \"num_requests\": 12}, {\"median_response_time\": 43, \"min_response_time\": 32, \"current_rps\": 0.9, \"name\": \"do_delete_textbook\", \"num_failures\": 0, \"max_response_time\": 373, \"avg_content_length\": 7, \"avg_response_time\": 48.31818181818182, \"method\": \"1V1 class test-Teacher\", \"num_requests\": 88}, {\"median_response_time\": 43, \"min_response_time\": 32, \"current_rps\": 0.0, \"name\": \"do_delete_textbook\", \"num_failures\": 0, \"max_response_time\": 54, \"avg_content_length\": 7, \"avg_response_time\": 43.083333333333336, \"method\": \"public class test-Teacher\", \"num_requests\": 12}, {\"median_response_time\": 43, \"min_response_time\": 32, \"current_rps\": 0.9, \"name\": \"do_delete_white_board\", \"num_failures\": 0, \"max_response_time\": 230, \"avg_content_length\": 7, \"avg_response_time\": 58.735632183908045, \"method\": \"1V1 class test-Teacher\", \"num_requests\": 87}, {\"median_response_time\": 43, \"min_response_time\": 32, \"current_rps\": 0.0, \"name\": \"do_delete_white_board\", \"num_failures\": 0, \"max_response_time\": 233, \"avg_content_length\": 7, \"avg_response_time\": 57.166666666666664, \"method\": \"public class test-Teacher\", \"num_requests\": 12}, {\"median_response_time\": 0, \"min_response_time\": 0, \"current_rps\": 0.8, \"name\": \"do_get_pen_color\", \"num_failures\": 20, \"max_response_time\": 0, \"avg_content_length\": 3, \"avg_response_time\": 0.0, \"method\": \"1V1 class test-Student\", \"num_requests\": 69}, {\"median_response_time\": 0, \"min_response_time\": 0, \"current_rps\": 0.0, \"name\": \"do_get_pen_color\", \"num_failures\": 1, \"max_response_time\": 0, \"avg_content_length\": 3, \"avg_response_time\": 0.0, \"method\": \"public class test-Student\", \"num_requests\": 5}, {\"median_response_time\": 230, \"min_response_time\": 219, \"current_rps\": 0.9, \"name\": \"do_hand_down\", \"num_failures\": 2, \"max_response_time\": 865, \"avg_content_length\": 2, \"avg_response_time\": 324.0813953488372, \"method\": \"1V1 class test-Student\", \"num_requests\": 86}, {\"median_response_time\": 230, \"min_response_time\": 230, \"current_rps\": 0.0, \"name\": \"do_hand_down\", \"num_failures\": 0, \"max_response_time\": 417, \"avg_content_length\": 2, \"avg_response_time\": 290.3333333333333, \"method\": \"public class test-Student\", \"num_requests\": 6}, {\"median_response_time\": 240, \"min_response_time\": 0, \"current_rps\": 0.8, \"name\": \"do_hand_up\", \"num_failures\": 5, \"max_response_time\": 981, \"avg_content_length\": 2, \"avg_response_time\": 358.4404761904762, \"method\": \"1V1 class test-Student\", \"num_requests\": 84}, {\"median_response_time\": 230, \"min_response_time\": 230, \"current_rps\": 0.0, \"name\": \"do_hand_up\", \"num_failures\": 0, \"max_response_time\": 866, \"avg_content_length\": 2, \"avg_response_time\": 358.0, \"method\": \"public class test-Student\", \"num_requests\": 6}, {\"median_response_time\": 43, \"min_response_time\": 32, \"current_rps\": 0.9, \"name\": \"do_modify_textbook\", \"num_failures\": 0, \"max_response_time\": 230, \"avg_content_length\": 7, \"avg_response_time\": 69.125, \"method\": \"1V1 class test-Teacher\", \"num_requests\": 88}, {\"median_response_time\": 190, \"min_response_time\": 32, \"current_rps\": 0.0, \"name\": \"do_modify_textbook\", \"num_failures\": 0, \"max_response_time\": 516, \"avg_content_length\": 7, \"avg_response_time\": 269.75, \"method\": \"public class test-Teacher\", \"num_requests\": 12}, {\"median_response_time\": 88, \"min_response_time\": 76, \"current_rps\": 0.9, \"name\": \"do_modify_white_board\", \"num_failures\": 0, \"max_response_time\": 383, \"avg_content_length\": 7, \"avg_response_time\": 137.97701149425288, \"method\": \"1V1 class test-Teacher\", \"num_requests\": 87}, {\"median_response_time\": 88, \"min_response_time\": 76, \"current_rps\": 0.0, \"name\": \"do_modify_white_board\", \"num_failures\": 0, \"max_response_time\": 285, \"avg_content_length\": 7, \"avg_response_time\": 155.75, \"method\": \"public class test-Teacher\", \"num_requests\": 12}, {\"median_response_time\": 54, \"min_response_time\": 53, \"current_rps\": 0.0, \"name\": \"enter_class\", \"num_failures\": 0, \"max_response_time\": 109, \"avg_content_length\": 21, \"avg_response_time\": 66.15, \"method\": \"1V1 class test-Student\", \"num_requests\": 20}, {\"median_response_time\": 65, \"min_response_time\": 54, \"current_rps\": 0.0, \"name\": \"enter_class\", \"num_failures\": 0, \"max_response_time\": 328, \"avg_content_length\": 21, \"avg_response_time\": 79.95, \"method\": \"1V1 class test-Teacher\", \"num_requests\": 20}, {\"median_response_time\": 54, \"min_response_time\": 54, \"current_rps\": 0.0, \"name\": \"enter_class\", \"num_failures\": 53, \"max_response_time\": 131, \"avg_content_length\": 21, \"avg_response_time\": 69.6, \"method\": \"public class test-StaticStudent\", \"num_requests\": 5}, {\"median_response_time\": 110, \"min_response_time\": 0, \"current_rps\": 0.0, \"name\": \"enter_class\", \"num_failures\": 77, \"max_response_time\": 109, \"avg_content_length\": 21, \"avg_response_time\": 109.0, \"method\": \"public class test-Student\", \"num_requests\": 1}, {\"median_response_time\": 65, \"min_response_time\": 0, \"current_rps\": 0.0, \"name\": \"enter_class\", \"num_failures\": 13, \"max_response_time\": 65, \"avg_content_length\": 21, \"avg_response_time\": 65.0, \"method\": \"public class test-Teacher\", \"num_requests\": 2}, {\"median_response_time\": 230, \"min_response_time\": 230, \"current_rps\": 0.0, \"name\": \"login\", \"num_failures\": 0, \"max_response_time\": 253, \"avg_content_length\": 7, \"avg_response_time\": 231.9, \"method\": \"1V1 class test-Student\", \"num_requests\": 20}, {\"median_response_time\": 230, \"min_response_time\": 230, \"current_rps\": 0.0, \"name\": \"login\", \"num_failures\": 0, \"max_response_time\": 263, \"avg_content_length\": 7, \"avg_response_time\": 231.65, \"method\": \"1V1 class test-Teacher\", \"num_requests\": 20}, {\"median_response_time\": 230, \"min_response_time\": 230, \"current_rps\": 0.0, \"name\": \"login\", \"num_failures\": 0, \"max_response_time\": 285, \"avg_content_length\": 7, \"avg_response_time\": 230.94827586206895, \"method\": \"public class test-StaticStudent\", \"num_requests\": 58}, {\"median_response_time\": 230, \"min_response_time\": 220, \"current_rps\": 0.9, \"name\": \"login\", \"num_failures\": 0, \"max_response_time\": 274, \"avg_content_length\": 7, \"avg_response_time\": 232.28205128205127, \"method\": \"public class test-Student\", \"num_requests\": 78}, {\"median_response_time\": 230, \"min_response_time\": 230, \"current_rps\": 0.5, \"name\": \"login\", \"num_failures\": 0, \"max_response_time\": 241, \"avg_content_length\": 7, \"avg_response_time\": 231.4, \"method\": \"public class test-Teacher\", \"num_requests\": 15}, {\"median_response_time\": 43, \"min_response_time\": 32, \"current_rps\": 12.1, \"name\": \"Total\", \"num_failures\": 194, \"max_response_time\": 981, \"avg_content_length\": 6, \"avg_response_time\": 143.6359649122807, \"method\": null, \"num_requests\": 1368}], \"fail_ratio\": 0.12419974391805377, \"slave_count\": 2, \"state\": \"running\", \"user_count\": 30, \"total_rps\": 12.1}','{\"exceptions\": []}','',''),(270,30,6,0,0,1,'2017-12-19 14:10:00',NULL,NULL,NULL,'',''),(271,30,10,0,0,1,'2017-12-19 14:20:58',NULL,NULL,NULL,'',''),(272,30,5,15.7,0.12,2,'2017-12-19 14:28:26','2017-12-19 14:29:35','{\"errors\": [{\"error\": \"u\'ResponseError(\\\"Response msg: {\\\\\'Status\\\\\': \\\\\'\\\\\\\\\\\\\\\\xa9\\\\\', \\\\\'StudentNum\\\\\': 0, \\\\\'OwnerIn\\\\\': \\\\\'\\\\\\\\\\\\\\\\x00\\\\\', \\\\\'OperatonFlag\\\\\': 1703936, \\\\\'SchoolName\\\\\': \\\\\'\\\\\', \\\\\'CourseID\\\\\': 140365577968575L, \\\\\'CID\\\\\': 1008806316530991115L, \\\\\'ClassName\\\\\': \\\\\'\\\\\', \\\\\'TeacherID\\\\\': 35933587959955456L, \\\\\'TeacherIn\\\\\': \\\\\'\\\\\\\\\\\\\\\\x00\\\\\', \\\\\'RspCode\\\\\': 1048596, \\\\\'TeacherName\\\\\': \\\\\'\\\\\', \\\\\'OwnerName\\\\\': \\\\\'\\\\\', \\\\\'StartTime\\\\\': 1751768144, \\\\\'SID\\\\\': 140365577968528L, \\\\\'SwitchFlag\\\\\': 16646144, \\\\\'OwnerID\\\\\': 34359738368L, \\\\\'AssistantNum\\\\\': 0, \\\\\'MsgMode\\\\\': \\\\\'\\\\\\\\\\\\\\\\x7f\\\\\', \\\\\'Assistants\\\\\': [], \\\\\'Students\\\\\': []}\\\",)\'\", \"method\": \"public class test-Student\", \"occurences\": 34, \"name\": \"enter_class\"}, {\"error\": \"u\'ResponseError(\\\"Response msg: {\\\\\'Status\\\\\': \\\\\'\\\\\\\\\\\\\\\\xa9\\\\\', \\\\\'StudentNum\\\\\': 0, \\\\\'OwnerIn\\\\\': \\\\\'\\\\\\\\\\\\\\\\x00\\\\\', \\\\\'OperatonFlag\\\\\': 1703936, \\\\\'SchoolName\\\\\': \\\\\'\\\\\', \\\\\'CourseID\\\\\': 140365578496959L, \\\\\'CID\\\\\': 1008806316530991114L, \\\\\'ClassName\\\\\': \\\\\'\\\\\', \\\\\'TeacherID\\\\\': 35933588095221760L, \\\\\'TeacherIn\\\\\': \\\\\'\\\\\\\\\\\\\\\\x00\\\\\', \\\\\'RspCode\\\\\': 1048596, \\\\\'TeacherName\\\\\': \\\\\'\\\\\', \\\\\'OwnerName\\\\\': \\\\\'\\\\\', \\\\\'StartTime\\\\\': 1752296528, \\\\\'SID\\\\\': 140365578496912L, \\\\\'SwitchFlag\\\\\': 16646144, \\\\\'OwnerID\\\\\': 34359738368L, \\\\\'AssistantNum\\\\\': 0, \\\\\'MsgMode\\\\\': \\\\\'\\\\\\\\\\\\\\\\x7f\\\\\', \\\\\'Assistants\\\\\': [], \\\\\'Students\\\\\': []}\\\",)\'\", \"method\": \"public class test-StaticStudent\", \"occurences\": 33, \"name\": \"enter_class\"}, {\"error\": \"u\'OperateTimeout(\\\"{\\\\\'result\\\\\': \\\\\'time out\\\\\'}\\\",)\'\", \"method\": \"1V1 class test-Student\", \"occurences\": 9, \"name\": \"do_hand_down\"}, {\"error\": \"u\'OperateTimeout(\\\"{\\\\\'result\\\\\': \\\\\'time out\\\\\'}\\\",)\'\", \"method\": \"1V1 class test-Student\", \"occurences\": 3, \"name\": \"do_hand_up\"}, {\"error\": \"u\'OperateTimeout(\\\"{\\\\\'result\\\\\': \\\\\'time out\\\\\'}\\\",)\'\", \"method\": \"public class test-Teacher\", \"occurences\": 2, \"name\": \"do_change_textbook_page\"}, {\"error\": \"u\'OperateTimeout(\\\"{\\\\\'result\\\\\': \\\\\'time out\\\\\'}\\\",)\'\", \"method\": \"public class test-Student\", \"occurences\": 1, \"name\": \"do_hand_down\"}, {\"error\": \"u\'OperateTimeout(\\\"{\\\\\'result\\\\\': \\\\\'time out\\\\\'}\\\",)\'\", \"method\": \"1V1 class test-Student\", \"occurences\": 10, \"name\": \"do_get_pen_color\"}, {\"error\": \"u\'ResponseError(\\\"Response msg: {\\\\\'Status\\\\\': \\\\\'\\\\\\\\\\\\\\\\xa9\\\\\', \\\\\'StudentNum\\\\\': 0, \\\\\'OwnerIn\\\\\': \\\\\'\\\\\\\\\\\\\\\\x00\\\\\', \\\\\'OperatonFlag\\\\\': 1703936, \\\\\'SchoolName\\\\\': \\\\\'\\\\\', \\\\\'CourseID\\\\\': 140365577968575L, \\\\\'CID\\\\\': 1008806316530991115L, \\\\\'ClassName\\\\\': \\\\\'\\\\\', \\\\\'TeacherID\\\\\': 35933587959955456L, \\\\\'TeacherIn\\\\\': \\\\\'\\\\\\\\\\\\\\\\x00\\\\\', \\\\\'RspCode\\\\\': 1048596, \\\\\'TeacherName\\\\\': \\\\\'\\\\\', \\\\\'OwnerName\\\\\': \\\\\'\\\\\', \\\\\'StartTime\\\\\': 1751768144, \\\\\'SID\\\\\': 140365577968528L, \\\\\'SwitchFlag\\\\\': 16646144, \\\\\'OwnerID\\\\\': 34359738368L, \\\\\'AssistantNum\\\\\': 0, \\\\\'MsgMode\\\\\': \\\\\'\\\\\\\\\\\\\\\\x7f\\\\\', \\\\\'Assistants\\\\\': [], \\\\\'Students\\\\\': []}\\\",)\'\", \"method\": \"public class test-StaticStudent\", \"occurences\": 16, \"name\": \"enter_class\"}, {\"error\": \"u\'ResponseError(\\\"Response msg: {\\\\\'Status\\\\\': \\\\\'\\\\\\\\\\\\\\\\xa9\\\\\', \\\\\'StudentNum\\\\\': 0, \\\\\'OwnerIn\\\\\': \\\\\'\\\\\\\\\\\\\\\\x00\\\\\', \\\\\'OperatonFlag\\\\\': 1703936, \\\\\'SchoolName\\\\\': \\\\\'\\\\\', \\\\\'CourseID\\\\\': 140365578496959L, \\\\\'CID\\\\\': 1008806316530991114L, \\\\\'ClassName\\\\\': \\\\\'\\\\\', \\\\\'TeacherID\\\\\': 35933588095221760L, \\\\\'TeacherIn\\\\\': \\\\\'\\\\\\\\\\\\\\\\x00\\\\\', \\\\\'RspCode\\\\\': 1048596, \\\\\'TeacherName\\\\\': \\\\\'\\\\\', \\\\\'OwnerName\\\\\': \\\\\'\\\\\', \\\\\'StartTime\\\\\': 1752296528, \\\\\'SID\\\\\': 140365578496912L, \\\\\'SwitchFlag\\\\\': 16646144, \\\\\'OwnerID\\\\\': 34359738368L, \\\\\'AssistantNum\\\\\': 0, \\\\\'MsgMode\\\\\': \\\\\'\\\\\\\\\\\\\\\\x7f\\\\\', \\\\\'Assistants\\\\\': [], \\\\\'Students\\\\\': []}\\\",)\'\", \"method\": \"public class test-Student\", \"occurences\": 17, \"name\": \"enter_class\"}, {\"error\": \"u\'OperateTimeout(\\\"{\\\\\'result\\\\\': \\\\\'time out\\\\\'}\\\",)\'\", \"method\": \"1V1 class test-Teacher\", \"occurences\": 10, \"name\": \"do_change_textbook_page\"}, {\"error\": \"u\'OperateTimeout(\\\"{\\\\\'result\\\\\': \\\\\'time out\\\\\'}\\\",)\'\", \"method\": \"public class test-Student\", \"occurences\": 1, \"name\": \"do_get_pen_color\"}], \"stats\": [{\"median_response_time\": 260, \"min_response_time\": 194, \"current_rps\": 1.0, \"name\": \"do_add_textbook\", \"num_failures\": 0, \"max_response_time\": 865, \"avg_content_length\": 7, \"avg_response_time\": 341.3, \"method\": \"1V1 class test-Teacher\", \"num_requests\": 60}, {\"median_response_time\": 280, \"min_response_time\": 219, \"current_rps\": 0.2, \"name\": \"do_add_textbook\", \"num_failures\": 0, \"max_response_time\": 756, \"avg_content_length\": 7, \"avg_response_time\": 361.9166666666667, \"method\": \"public class test-Teacher\", \"num_requests\": 12}, {\"median_response_time\": 43, \"min_response_time\": 32, \"current_rps\": 1.0, \"name\": \"do_add_white_board\", \"num_failures\": 0, \"max_response_time\": 450, \"avg_content_length\": 7, \"avg_response_time\": 60.68333333333333, \"method\": \"1V1 class test-Teacher\", \"num_requests\": 60}, {\"median_response_time\": 46, \"min_response_time\": 42, \"current_rps\": 0.2, \"name\": \"do_add_white_board\", \"num_failures\": 0, \"max_response_time\": 80, \"avg_content_length\": 7, \"avg_response_time\": 49.75, \"method\": \"public class test-Teacher\", \"num_requests\": 12}, {\"median_response_time\": 0, \"min_response_time\": 0, \"current_rps\": 1.0, \"name\": \"do_change_textbook_page\", \"num_failures\": 10, \"max_response_time\": 0, \"avg_content_length\": 5, \"avg_response_time\": 0.0, \"method\": \"1V1 class test-Teacher\", \"num_requests\": 50}, {\"median_response_time\": 0, \"min_response_time\": 0, \"current_rps\": 0.2, \"name\": \"do_change_textbook_page\", \"num_failures\": 2, \"max_response_time\": 0, \"avg_content_length\": 5, \"avg_response_time\": 0.0, \"method\": \"public class test-Teacher\", \"num_requests\": 10}, {\"median_response_time\": 43, \"min_response_time\": 32, \"current_rps\": 1.0, \"name\": \"do_clear_textbook\", \"num_failures\": 0, \"max_response_time\": 62, \"avg_content_length\": 5, \"avg_response_time\": 43.6, \"method\": \"1V1 class test-Teacher\", \"num_requests\": 60}, {\"median_response_time\": 44, \"min_response_time\": 32, \"current_rps\": 0.2, \"name\": \"do_clear_textbook\", \"num_failures\": 0, \"max_response_time\": 53, \"avg_content_length\": 5, \"avg_response_time\": 45.0, \"method\": \"public class test-Teacher\", \"num_requests\": 12}, {\"median_response_time\": 43, \"min_response_time\": 21, \"current_rps\": 1.0, \"name\": \"do_clear_white_board\", \"num_failures\": 0, \"max_response_time\": 230, \"avg_content_length\": 5, \"avg_response_time\": 46.55, \"method\": \"1V1 class test-Teacher\", \"num_requests\": 60}, {\"median_response_time\": 43, \"min_response_time\": 32, \"current_rps\": 0.2, \"name\": \"do_clear_white_board\", \"num_failures\": 0, \"max_response_time\": 69, \"avg_content_length\": 5, \"avg_response_time\": 45.5, \"method\": \"public class test-Teacher\", \"num_requests\": 12}, {\"median_response_time\": 43, \"min_response_time\": 32, \"current_rps\": 1.0, \"name\": \"do_delete_textbook\", \"num_failures\": 0, \"max_response_time\": 69, \"avg_content_length\": 7, \"avg_response_time\": 43.983333333333334, \"method\": \"1V1 class test-Teacher\", \"num_requests\": 60}, {\"median_response_time\": 43, \"min_response_time\": 32, \"current_rps\": 0.2, \"name\": \"do_delete_textbook\", \"num_failures\": 0, \"max_response_time\": 54, \"avg_content_length\": 7, \"avg_response_time\": 43.75, \"method\": \"public class test-Teacher\", \"num_requests\": 12}, {\"median_response_time\": 43, \"min_response_time\": 32, \"current_rps\": 1.0, \"name\": \"do_delete_white_board\", \"num_failures\": 0, \"max_response_time\": 372, \"avg_content_length\": 7, \"avg_response_time\": 54.516666666666666, \"method\": \"1V1 class test-Teacher\", \"num_requests\": 60}, {\"median_response_time\": 44, \"min_response_time\": 22, \"current_rps\": 0.2, \"name\": \"do_delete_white_board\", \"num_failures\": 0, \"max_response_time\": 55, \"avg_content_length\": 7, \"avg_response_time\": 43.833333333333336, \"method\": \"public class test-Teacher\", \"num_requests\": 12}, {\"median_response_time\": 0, \"min_response_time\": 0, \"current_rps\": 1.0, \"name\": \"do_get_pen_color\", \"num_failures\": 10, \"max_response_time\": 0, \"avg_content_length\": 3, \"avg_response_time\": 0.0, \"method\": \"1V1 class test-Student\", \"num_requests\": 50}, {\"median_response_time\": 0, \"min_response_time\": 0, \"current_rps\": 0.1, \"name\": \"do_get_pen_color\", \"num_failures\": 1, \"max_response_time\": 0, \"avg_content_length\": 3, \"avg_response_time\": 0.0, \"method\": \"public class test-Student\", \"num_requests\": 5}, {\"median_response_time\": 0, \"min_response_time\": 0, \"current_rps\": 1.0, \"name\": \"do_hand_down\", \"num_failures\": 9, \"max_response_time\": 280, \"avg_content_length\": 2, \"avg_response_time\": 28.431372549019606, \"method\": \"1V1 class test-Student\", \"num_requests\": 51}, {\"median_response_time\": 0, \"min_response_time\": 0, \"current_rps\": 0.1, \"name\": \"do_hand_down\", \"num_failures\": 1, \"max_response_time\": 0, \"avg_content_length\": 2, \"avg_response_time\": 0.0, \"method\": \"public class test-Student\", \"num_requests\": 5}, {\"median_response_time\": 420, \"min_response_time\": 0, \"current_rps\": 1.0, \"name\": \"do_hand_up\", \"num_failures\": 3, \"max_response_time\": 986, \"avg_content_length\": 2, \"avg_response_time\": 441.719298245614, \"method\": \"1V1 class test-Student\", \"num_requests\": 57}, {\"median_response_time\": 660, \"min_response_time\": 372, \"current_rps\": 0.1, \"name\": \"do_hand_up\", \"num_failures\": 0, \"max_response_time\": 953, \"avg_content_length\": 2, \"avg_response_time\": 695.0, \"method\": \"public class test-Student\", \"num_requests\": 6}, {\"median_response_time\": 44, \"min_response_time\": 32, \"current_rps\": 1.0, \"name\": \"do_modify_textbook\", \"num_failures\": 0, \"max_response_time\": 486, \"avg_content_length\": 7, \"avg_response_time\": 81.41666666666667, \"method\": \"1V1 class test-Teacher\", \"num_requests\": 60}, {\"median_response_time\": 44, \"min_response_time\": 16, \"current_rps\": 0.2, \"name\": \"do_modify_textbook\", \"num_failures\": 0, \"max_response_time\": 187, \"avg_content_length\": 7, \"avg_response_time\": 53.583333333333336, \"method\": \"public class test-Teacher\", \"num_requests\": 12}, {\"median_response_time\": 88, \"min_response_time\": 43, \"current_rps\": 1.0, \"name\": \"do_modify_white_board\", \"num_failures\": 0, \"max_response_time\": 253, \"avg_content_length\": 7, \"avg_response_time\": 107.81666666666666, \"method\": \"1V1 class test-Teacher\", \"num_requests\": 60}, {\"median_response_time\": 89, \"min_response_time\": 75, \"current_rps\": 0.2, \"name\": \"do_modify_white_board\", \"num_failures\": 0, \"max_response_time\": 257, \"avg_content_length\": 7, \"avg_response_time\": 138.91666666666666, \"method\": \"public class test-Teacher\", \"num_requests\": 12}, {\"median_response_time\": 55, \"min_response_time\": 53, \"current_rps\": 0.0, \"name\": \"enter_class\", \"num_failures\": 0, \"max_response_time\": 99, \"avg_content_length\": 21, \"avg_response_time\": 67.4, \"method\": \"1V1 class test-Student\", \"num_requests\": 10}, {\"median_response_time\": 65, \"min_response_time\": 53, \"current_rps\": 0.0, \"name\": \"enter_class\", \"num_failures\": 0, \"max_response_time\": 66, \"avg_content_length\": 21, \"avg_response_time\": 61.8, \"method\": \"1V1 class test-Teacher\", \"num_requests\": 10}, {\"median_response_time\": 55, \"min_response_time\": 0, \"current_rps\": 0.0, \"name\": \"enter_class\", \"num_failures\": 49, \"max_response_time\": 55, \"avg_content_length\": 21, \"avg_response_time\": 55.0, \"method\": \"public class test-StaticStudent\", \"num_requests\": 1}, {\"median_response_time\": 55, \"min_response_time\": 0, \"current_rps\": 0.0, \"name\": \"enter_class\", \"num_failures\": 51, \"max_response_time\": 55, \"avg_content_length\": 21, \"avg_response_time\": 55.0, \"method\": \"public class test-Student\", \"num_requests\": 1}, {\"median_response_time\": 66, \"min_response_time\": 66, \"current_rps\": 0.0, \"name\": \"enter_class\", \"num_failures\": 0, \"max_response_time\": 76, \"avg_content_length\": 21, \"avg_response_time\": 71.0, \"method\": \"public class test-Teacher\", \"num_requests\": 2}, {\"median_response_time\": 230, \"min_response_time\": 230, \"current_rps\": 0.0, \"name\": \"login\", \"num_failures\": 0, \"max_response_time\": 232, \"avg_content_length\": 7, \"avg_response_time\": 230.2, \"method\": \"1V1 class test-Student\", \"num_requests\": 10}, {\"median_response_time\": 230, \"min_response_time\": 230, \"current_rps\": 0.0, \"name\": \"login\", \"num_failures\": 0, \"max_response_time\": 232, \"avg_content_length\": 7, \"avg_response_time\": 230.2, \"method\": \"1V1 class test-Teacher\", \"num_requests\": 10}, {\"median_response_time\": 230, \"min_response_time\": 178, \"current_rps\": 0.7, \"name\": \"login\", \"num_failures\": 0, \"max_response_time\": 276, \"avg_content_length\": 7, \"avg_response_time\": 231.3, \"method\": \"public class test-StaticStudent\", \"num_requests\": 50}, {\"median_response_time\": 230, \"min_response_time\": 181, \"current_rps\": 0.9, \"name\": \"login\", \"num_failures\": 0, \"max_response_time\": 285, \"avg_content_length\": 7, \"avg_response_time\": 235.05769230769232, \"method\": \"public class test-Student\", \"num_requests\": 52}, {\"median_response_time\": 230, \"min_response_time\": 230, \"current_rps\": 0.0, \"name\": \"login\", \"num_failures\": 0, \"max_response_time\": 230, \"avg_content_length\": 7, \"avg_response_time\": 230.0, \"method\": \"public class test-Teacher\", \"num_requests\": 2}, {\"median_response_time\": 43, \"min_response_time\": 21, \"current_rps\": 15.7, \"name\": \"Total\", \"num_failures\": 136, \"max_response_time\": 986, \"avg_content_length\": 6, \"avg_response_time\": 122.5187891440501, \"method\": null, \"num_requests\": 958}], \"fail_ratio\": 0.12431444241316271, \"slave_count\": 2, \"state\": \"running\", \"user_count\": 30, \"total_rps\": 15.7}','{\"exceptions\": []}','',''),(273,20,5,11.2,0.04,2,'2017-12-19 14:39:52','2017-12-19 14:57:35','{\"errors\": [{\"error\": \"u\'OperateTimeout(\\\"{\\\\\'result\\\\\': \\\\\'time out\\\\\'}\\\",)\'\", \"method\": \"1V1 class test-Teacher\", \"occurences\": 160, \"name\": \"do_change_textbook_page\"}, {\"error\": \"u\'OperateTimeout(\\\"{\\\\\'result\\\\\': \\\\\'time out\\\\\'}\\\",)\'\", \"method\": \"1V1 class test-Student\", \"occurences\": 160, \"name\": \"do_get_pen_color\"}, {\"error\": \"u\'OperateTimeout(\\\"{\\\\\'result\\\\\': \\\\\'time out\\\\\'}\\\",)\'\", \"method\": \"1V1 class test-Teacher\", \"occurences\": 84, \"name\": \"do_add_textbook\"}, {\"error\": \"u\'OperateTimeout(\\\"{\\\\\'result\\\\\': \\\\\'time out\\\\\'}\\\",)\'\", \"method\": \"1V1 class test-Student\", \"occurences\": 21, \"name\": \"do_hand_down\"}, {\"error\": \"u\'OperateTimeout(\\\"{\\\\\'result\\\\\': \\\\\'time out\\\\\'}\\\",)\'\", \"method\": \"1V1 class test-Student\", \"occurences\": 52, \"name\": \"do_hand_up\"}], \"stats\": [{\"median_response_time\": 220, \"min_response_time\": 0, \"current_rps\": 0.4, \"name\": \"do_add_textbook\", \"num_failures\": 84, \"max_response_time\": 986, \"avg_content_length\": 7, \"avg_response_time\": 184.43614457831325, \"method\": \"1V1 class test-Teacher\", \"num_requests\": 830}, {\"median_response_time\": 43, \"min_response_time\": 32, \"current_rps\": 0.9, \"name\": \"do_add_white_board\", \"num_failures\": 0, \"max_response_time\": 361, \"avg_content_length\": 7, \"avg_response_time\": 46.362144420131294, \"method\": \"1V1 class test-Teacher\", \"num_requests\": 914}, {\"median_response_time\": 0, \"min_response_time\": 0, \"current_rps\": 0.3, \"name\": \"do_change_textbook_page\", \"num_failures\": 160, \"max_response_time\": 1, \"avg_content_length\": 5, \"avg_response_time\": 0.0013245033112582781, \"method\": \"1V1 class test-Teacher\", \"num_requests\": 755}, {\"median_response_time\": 43, \"min_response_time\": 31, \"current_rps\": 0.9, \"name\": \"do_clear_textbook\", \"num_failures\": 0, \"max_response_time\": 230, \"avg_content_length\": 5, \"avg_response_time\": 44.20240700218818, \"method\": \"1V1 class test-Teacher\", \"num_requests\": 914}, {\"median_response_time\": 43, \"min_response_time\": 32, \"current_rps\": 0.9, \"name\": \"do_clear_white_board\", \"num_failures\": 0, \"max_response_time\": 231, \"avg_content_length\": 5, \"avg_response_time\": 44.92997811816193, \"method\": \"1V1 class test-Teacher\", \"num_requests\": 914}, {\"median_response_time\": 43, \"min_response_time\": 22, \"current_rps\": 0.9, \"name\": \"do_delete_textbook\", \"num_failures\": 0, \"max_response_time\": 231, \"avg_content_length\": 7, \"avg_response_time\": 44.65098468271335, \"method\": \"1V1 class test-Teacher\", \"num_requests\": 914}, {\"median_response_time\": 43, \"min_response_time\": 32, \"current_rps\": 0.9, \"name\": \"do_delete_white_board\", \"num_failures\": 0, \"max_response_time\": 230, \"avg_content_length\": 7, \"avg_response_time\": 44.61378555798687, \"method\": \"1V1 class test-Teacher\", \"num_requests\": 914}, {\"median_response_time\": 0, \"min_response_time\": 0, \"current_rps\": 0.9, \"name\": \"do_get_pen_color\", \"num_failures\": 160, \"max_response_time\": 0, \"avg_content_length\": 3, \"avg_response_time\": 0.0, \"method\": \"1V1 class test-Student\", \"num_requests\": 770}, {\"median_response_time\": 230, \"min_response_time\": 218, \"current_rps\": 0.9, \"name\": \"do_hand_down\", \"num_failures\": 21, \"max_response_time\": 928, \"avg_content_length\": 2, \"avg_response_time\": 286.0836083608361, \"method\": \"1V1 class test-Student\", \"num_requests\": 909}, {\"median_response_time\": 230, \"min_response_time\": 232, \"current_rps\": 1.0, \"name\": \"do_hand_up\", \"num_failures\": 52, \"max_response_time\": 999, \"avg_content_length\": 2, \"avg_response_time\": 289.2015945330296, \"method\": \"1V1 class test-Student\", \"num_requests\": 878}, {\"median_response_time\": 150, \"min_response_time\": 31, \"current_rps\": 0.9, \"name\": \"do_modify_textbook\", \"num_failures\": 0, \"max_response_time\": 625, \"avg_content_length\": 7, \"avg_response_time\": 211.99671772428883, \"method\": \"1V1 class test-Teacher\", \"num_requests\": 914}, {\"median_response_time\": 87, \"min_response_time\": 75, \"current_rps\": 0.9, \"name\": \"do_modify_white_board\", \"num_failures\": 0, \"max_response_time\": 505, \"avg_content_length\": 7, \"avg_response_time\": 108.10722100656456, \"method\": \"1V1 class test-Teacher\", \"num_requests\": 914}, {\"median_response_time\": 55, \"min_response_time\": 53, \"current_rps\": 0.0, \"name\": \"enter_class\", \"num_failures\": 0, \"max_response_time\": 88, \"avg_content_length\": 21, \"avg_response_time\": 57.9, \"method\": \"1V1 class test-Student\", \"num_requests\": 160}, {\"median_response_time\": 55, \"min_response_time\": 53, \"current_rps\": 0.6, \"name\": \"enter_class\", \"num_failures\": 0, \"max_response_time\": 99, \"avg_content_length\": 21, \"avg_response_time\": 59.23125, \"method\": \"1V1 class test-Teacher\", \"num_requests\": 160}, {\"median_response_time\": 230, \"min_response_time\": 218, \"current_rps\": 0.0, \"name\": \"login\", \"num_failures\": 0, \"max_response_time\": 285, \"avg_content_length\": 7, \"avg_response_time\": 230.8375, \"method\": \"1V1 class test-Student\", \"num_requests\": 160}, {\"median_response_time\": 230, \"min_response_time\": 203, \"current_rps\": 0.6, \"name\": \"login\", \"num_failures\": 0, \"max_response_time\": 307, \"avg_content_length\": 7, \"avg_response_time\": 231.3625, \"method\": \"1V1 class test-Teacher\", \"num_requests\": 160}, {\"median_response_time\": 43, \"min_response_time\": 31, \"current_rps\": 11.0, \"name\": \"Total\", \"num_failures\": 477, \"max_response_time\": 999, \"avg_content_length\": 5, \"avg_response_time\": 112.5, \"method\": null, \"num_requests\": 11180}], \"fail_ratio\": 0.040919619112979325, \"slave_count\": 2, \"state\": \"running\", \"user_count\": 20, \"total_rps\": 11.0}','{\"exceptions\": []}','',''),(274,20,5,8.5,0.04,2,'2017-12-19 15:50:39','2017-12-19 15:54:37','{\"errors\": [{\"error\": \"u\'OperateTimeout(\\\"{\\\\\'result\\\\\': \\\\\'time out\\\\\'}\\\",)\'\", \"method\": \"1V1 class test-Teacher\", \"occurences\": 40, \"name\": \"do_change_textbook_page\"}, {\"error\": \"u\'OperateTimeout(\\\"{\\\\\'result\\\\\': \\\\\'time out\\\\\'}\\\",)\'\", \"method\": \"1V1 class test-Student\", \"occurences\": 40, \"name\": \"do_get_pen_color\"}, {\"error\": \"u\'OperateTimeout(\\\"{\\\\\'result\\\\\': \\\\\'time out\\\\\'}\\\",)\'\", \"method\": \"1V1 class test-Teacher\", \"occurences\": 2, \"name\": \"do_add_textbook\"}, {\"error\": \"u\'OperateTimeout(\\\"{\\\\\'result\\\\\': \\\\\'time out\\\\\'}\\\",)\'\", \"method\": \"1V1 class test-Student\", \"occurences\": 11, \"name\": \"do_hand_down\"}, {\"error\": \"u\'OperateTimeout(\\\"{\\\\\'result\\\\\': \\\\\'time out\\\\\'}\\\",)\'\", \"method\": \"1V1 class test-Student\", \"occurences\": 12, \"name\": \"do_hand_up\"}], \"stats\": [{\"median_response_time\": 250, \"min_response_time\": 0, \"current_rps\": 0.9, \"name\": \"do_add_textbook\", \"num_failures\": 2, \"max_response_time\": 901, \"avg_content_length\": 7, \"avg_response_time\": 348.9264705882353, \"method\": \"1V1 class test-Teacher\", \"num_requests\": 204}, {\"median_response_time\": 44, \"min_response_time\": 32, \"current_rps\": 0.9, \"name\": \"do_add_white_board\", \"num_failures\": 0, \"max_response_time\": 371, \"avg_content_length\": 7, \"avg_response_time\": 46.86274509803921, \"method\": \"1V1 class test-Teacher\", \"num_requests\": 204}, {\"median_response_time\": 0, \"min_response_time\": 0, \"current_rps\": 1.0, \"name\": \"do_change_textbook_page\", \"num_failures\": 40, \"max_response_time\": 0, \"avg_content_length\": 5, \"avg_response_time\": 0.0, \"method\": \"1V1 class test-Teacher\", \"num_requests\": 167}, {\"median_response_time\": 44, \"min_response_time\": 31, \"current_rps\": 0.9, \"name\": \"do_clear_textbook\", \"num_failures\": 0, \"max_response_time\": 230, \"avg_content_length\": 5, \"avg_response_time\": 46.068627450980394, \"method\": \"1V1 class test-Teacher\", \"num_requests\": 204}, {\"median_response_time\": 43, \"min_response_time\": 32, \"current_rps\": 0.9, \"name\": \"do_clear_white_board\", \"num_failures\": 0, \"max_response_time\": 230, \"avg_content_length\": 5, \"avg_response_time\": 44.96534653465346, \"method\": \"1V1 class test-Teacher\", \"num_requests\": 202}, {\"median_response_time\": 43, \"min_response_time\": 31, \"current_rps\": 0.9, \"name\": \"do_delete_textbook\", \"num_failures\": 0, \"max_response_time\": 230, \"avg_content_length\": 7, \"avg_response_time\": 46.46829268292683, \"method\": \"1V1 class test-Teacher\", \"num_requests\": 205}, {\"median_response_time\": 44, \"min_response_time\": 32, \"current_rps\": 0.9, \"name\": \"do_delete_white_board\", \"num_failures\": 0, \"max_response_time\": 230, \"avg_content_length\": 7, \"avg_response_time\": 49.8128078817734, \"method\": \"1V1 class test-Teacher\", \"num_requests\": 203}, {\"median_response_time\": 0, \"min_response_time\": 0, \"current_rps\": 0.9, \"name\": \"do_get_pen_color\", \"num_failures\": 40, \"max_response_time\": 0, \"avg_content_length\": 3, \"avg_response_time\": 0.0, \"method\": \"1V1 class test-Student\", \"num_requests\": 168}, {\"median_response_time\": 230, \"min_response_time\": 501, \"current_rps\": 0.7, \"name\": \"do_hand_down\", \"num_failures\": 11, \"max_response_time\": 932, \"avg_content_length\": 2, \"avg_response_time\": 266.61224489795916, \"method\": \"1V1 class test-Student\", \"num_requests\": 196}, {\"median_response_time\": 240, \"min_response_time\": 0, \"current_rps\": 0.8, \"name\": \"do_hand_up\", \"num_failures\": 12, \"max_response_time\": 1000, \"avg_content_length\": 2, \"avg_response_time\": 339.28061224489795, \"method\": \"1V1 class test-Student\", \"num_requests\": 196}, {\"median_response_time\": 43, \"min_response_time\": 32, \"current_rps\": 0.9, \"name\": \"do_modify_textbook\", \"num_failures\": 0, \"max_response_time\": 490, \"avg_content_length\": 7, \"avg_response_time\": 75.44878048780488, \"method\": \"1V1 class test-Teacher\", \"num_requests\": 205}, {\"median_response_time\": 88, \"min_response_time\": 75, \"current_rps\": 0.9, \"name\": \"do_modify_white_board\", \"num_failures\": 0, \"max_response_time\": 259, \"avg_content_length\": 7, \"avg_response_time\": 137.5, \"method\": \"1V1 class test-Teacher\", \"num_requests\": 204}, {\"median_response_time\": 59, \"min_response_time\": 53, \"current_rps\": 0.0, \"name\": \"enter_class\", \"num_failures\": 0, \"max_response_time\": 109, \"avg_content_length\": 21, \"avg_response_time\": 62.4, \"method\": \"1V1 class test-Student\", \"num_requests\": 40}, {\"median_response_time\": 59, \"min_response_time\": 49, \"current_rps\": 0.0, \"name\": \"enter_class\", \"num_failures\": 0, \"max_response_time\": 98, \"avg_content_length\": 21, \"avg_response_time\": 62.175, \"method\": \"1V1 class test-Teacher\", \"num_requests\": 40}, {\"median_response_time\": 230, \"min_response_time\": 220, \"current_rps\": 0.0, \"name\": \"login\", \"num_failures\": 0, \"max_response_time\": 274, \"avg_content_length\": 7, \"avg_response_time\": 228.625, \"method\": \"1V1 class test-Student\", \"num_requests\": 40}, {\"median_response_time\": 230, \"min_response_time\": 207, \"current_rps\": 0.0, \"name\": \"login\", \"num_failures\": 0, \"max_response_time\": 231, \"avg_content_length\": 7, \"avg_response_time\": 226.975, \"method\": \"1V1 class test-Teacher\", \"num_requests\": 40}, {\"median_response_time\": 44, \"min_response_time\": 32, \"current_rps\": 10.6, \"name\": \"Total\", \"num_failures\": 105, \"max_response_time\": 1000, \"avg_content_length\": 5, \"avg_response_time\": 120.86536934074662, \"method\": null, \"num_requests\": 2518}], \"fail_ratio\": 0.040030499428135725, \"slave_count\": 2, \"state\": \"running\", \"user_count\": 20, \"total_rps\": 10.6}','{\"exceptions\": []}','',''),(275,20,10,9,0.03,2,'2017-12-19 16:07:55','2017-12-19 16:08:57','{\"errors\": [{\"error\": \"u\'OperateTimeout(\\\"{\\\\\'result\\\\\': \\\\\'time out\\\\\'}\\\",)\'\", \"method\": \"1V1 class test-Teacher\", \"occurences\": 10, \"name\": \"do_change_textbook_page\"}, {\"error\": \"u\'OperateTimeout(\\\"{\\\\\'result\\\\\': \\\\\'time out\\\\\'}\\\",)\'\", \"method\": \"1V1 class test-Student\", \"occurences\": 10, \"name\": \"do_get_pen_color\"}, {\"error\": \"u\'OperateTimeout(\\\"{\\\\\'result\\\\\': \\\\\'time out\\\\\'}\\\",)\'\", \"method\": \"1V1 class test-Student\", \"occurences\": 1, \"name\": \"do_hand_down\"}, {\"error\": \"u\'OperateTimeout(\\\"{\\\\\'result\\\\\': \\\\\'time out\\\\\'}\\\",)\'\", \"method\": \"1V1 class test-Student\", \"occurences\": 2, \"name\": \"do_hand_up\"}], \"stats\": [{\"median_response_time\": 270, \"min_response_time\": 209, \"current_rps\": 0.7, \"name\": \"do_add_textbook\", \"num_failures\": 0, \"max_response_time\": 829, \"avg_content_length\": 7, \"avg_response_time\": 369.26666666666665, \"method\": \"1V1 class test-Teacher\", \"num_requests\": 60}, {\"median_response_time\": 49, \"min_response_time\": 39, \"current_rps\": 0.7, \"name\": \"do_add_white_board\", \"num_failures\": 0, \"max_response_time\": 230, \"avg_content_length\": 7, \"avg_response_time\": 60.416666666666664, \"method\": \"1V1 class test-Teacher\", \"num_requests\": 60}, {\"median_response_time\": 0, \"min_response_time\": 0, \"current_rps\": 0.7, \"name\": \"do_change_textbook_page\", \"num_failures\": 10, \"max_response_time\": 0, \"avg_content_length\": 5, \"avg_response_time\": 0.0, \"method\": \"1V1 class test-Teacher\", \"num_requests\": 50}, {\"median_response_time\": 49, \"min_response_time\": 39, \"current_rps\": 0.8, \"name\": \"do_clear_textbook\", \"num_failures\": 0, \"max_response_time\": 230, \"avg_content_length\": 5, \"avg_response_time\": 60.38333333333333, \"method\": \"1V1 class test-Teacher\", \"num_requests\": 60}, {\"median_response_time\": 40, \"min_response_time\": 39, \"current_rps\": 0.8, \"name\": \"do_clear_white_board\", \"num_failures\": 0, \"max_response_time\": 230, \"avg_content_length\": 5, \"avg_response_time\": 55.96666666666667, \"method\": \"1V1 class test-Teacher\", \"num_requests\": 60}, {\"median_response_time\": 40, \"min_response_time\": 39, \"current_rps\": 0.8, \"name\": \"do_delete_textbook\", \"num_failures\": 0, \"max_response_time\": 230, \"avg_content_length\": 7, \"avg_response_time\": 52.56666666666667, \"method\": \"1V1 class test-Teacher\", \"num_requests\": 60}, {\"median_response_time\": 49, \"min_response_time\": 39, \"current_rps\": 0.8, \"name\": \"do_delete_white_board\", \"num_failures\": 0, \"max_response_time\": 230, \"avg_content_length\": 7, \"avg_response_time\": 78.85, \"method\": \"1V1 class test-Teacher\", \"num_requests\": 60}, {\"median_response_time\": 0, \"min_response_time\": 0, \"current_rps\": 0.9, \"name\": \"do_get_pen_color\", \"num_failures\": 10, \"max_response_time\": 0, \"avg_content_length\": 3, \"avg_response_time\": 0.0, \"method\": \"1V1 class test-Student\", \"num_requests\": 50}, {\"median_response_time\": 370, \"min_response_time\": 220, \"current_rps\": 0.5, \"name\": \"do_hand_down\", \"num_failures\": 1, \"max_response_time\": 930, \"avg_content_length\": 2, \"avg_response_time\": 384.3220338983051, \"method\": \"1V1 class test-Student\", \"num_requests\": 59}, {\"median_response_time\": 410, \"min_response_time\": 660, \"current_rps\": 0.6, \"name\": \"do_hand_up\", \"num_failures\": 2, \"max_response_time\": 1001, \"avg_content_length\": 2, \"avg_response_time\": 436.55172413793105, \"method\": \"1V1 class test-Student\", \"num_requests\": 58}, {\"median_response_time\": 49, \"min_response_time\": 39, \"current_rps\": 0.8, \"name\": \"do_modify_textbook\", \"num_failures\": 0, \"max_response_time\": 329, \"avg_content_length\": 7, \"avg_response_time\": 80.18333333333334, \"method\": \"1V1 class test-Teacher\", \"num_requests\": 60}, {\"median_response_time\": 220, \"min_response_time\": 79, \"current_rps\": 0.9, \"name\": \"do_modify_white_board\", \"num_failures\": 0, \"max_response_time\": 260, \"avg_content_length\": 7, \"avg_response_time\": 175.7, \"method\": \"1V1 class test-Teacher\", \"num_requests\": 60}, {\"median_response_time\": 59, \"min_response_time\": 59, \"current_rps\": 0.0, \"name\": \"enter_class\", \"num_failures\": 0, \"max_response_time\": 69, \"avg_content_length\": 21, \"avg_response_time\": 61.2, \"method\": \"1V1 class test-Student\", \"num_requests\": 10}, {\"median_response_time\": 59, \"min_response_time\": 59, \"current_rps\": 0.0, \"name\": \"enter_class\", \"num_failures\": 0, \"max_response_time\": 110, \"avg_content_length\": 21, \"avg_response_time\": 71.4, \"method\": \"1V1 class test-Teacher\", \"num_requests\": 10}, {\"median_response_time\": 220, \"min_response_time\": 219, \"current_rps\": 0.0, \"name\": \"login\", \"num_failures\": 0, \"max_response_time\": 279, \"avg_content_length\": 7, \"avg_response_time\": 231.7, \"method\": \"1V1 class test-Student\", \"num_requests\": 10}, {\"median_response_time\": 220, \"min_response_time\": 219, \"current_rps\": 0.0, \"name\": \"login\", \"num_failures\": 0, \"max_response_time\": 230, \"avg_content_length\": 7, \"avg_response_time\": 220.8, \"method\": \"1V1 class test-Teacher\", \"num_requests\": 10}, {\"median_response_time\": 49, \"min_response_time\": 39, \"current_rps\": 9.0, \"name\": \"Total\", \"num_failures\": 23, \"max_response_time\": 1001, \"avg_content_length\": 5, \"avg_response_time\": 149.044776119403, \"method\": null, \"num_requests\": 737}], \"fail_ratio\": 0.030263157894736843, \"slave_count\": 2, \"state\": \"running\", \"user_count\": 20, \"total_rps\": 9.0}','{\"exceptions\": []}','','');

/*Table structure for table `svc_load_client` */

DROP TABLE IF EXISTS `svc_load_client`;

CREATE TABLE `svc_load_client` (
  `id` int(11) NOT NULL AUTO_INCREMENT,
  `client_ip` varchar(255) COLLATE utf8_unicode_ci NOT NULL COMMENT '服务器IP',
  `role` varchar(255) COLLATE utf8_unicode_ci NOT NULL COMMENT '服务器角色1:master 2:slave',
  `status` varchar(255) COLLATE utf8_unicode_ci NOT NULL COMMENT '机器状态 1:可用 0:禁用',
  `slave_count` int(10) NOT NULL DEFAULT '4' COMMENT '每个压测机默认启用的压测节点数',
  `create_time` datetime DEFAULT NULL COMMENT '创建时间',
  `modify_time` datetime DEFAULT NULL,
  `operate_ip` varchar(255) COLLATE utf8_unicode_ci DEFAULT '0' COMMENT '操作人电脑IP',
  PRIMARY KEY (`id`)
) ENGINE=InnoDB AUTO_INCREMENT=116 DEFAULT CHARSET=utf8 COLLATE=utf8_unicode_ci COMMENT='svc压测机器管理表';

/*Data for the table `svc_load_client` */

insert  into `svc_load_client`(`id`,`client_ip`,`role`,`status`,`slave_count`,`create_time`,`modify_time`,`operate_ip`) values (87,'172.16.16.83','2','1',4,'2017-07-03 10:20:31','2017-07-27 10:36:33','::ffff:172.16.3.17'),(88,'172.16.16.88','2','1',4,'2017-07-03 10:20:37','2017-08-10 10:25:23','::ffff:172.16.3.17'),(89,'172.16.16.89','2','1',4,'2017-06-29 18:04:13','2017-08-10 10:30:57','::1'),(90,'172.16.16.90','2','2',4,'2017-06-29 18:04:22','2017-09-04 19:02:07','::1'),(93,'172.16.16.92','2','2',4,'2017-06-19 16:10:28','2017-08-10 10:25:23','::ffff:127.0.0.1'),(100,'172.16.16.91','2','2',4,'2017-06-19 17:08:47','2017-08-10 10:25:23','::ffff:127.0.0.1'),(101,'172.16.16.93','2','2',4,'2017-06-19 17:09:27','2017-08-10 10:25:23','::ffff:127.0.0.1'),(108,'127.0.0.1','1','1',0,'2017-06-29 18:07:03','2017-07-27 11:18:02','::1'),(115,'123','2','2',4,NULL,NULL,'0');

/*Table structure for table `test_group_servers` */

DROP TABLE IF EXISTS `test_group_servers`;

CREATE TABLE `test_group_servers` (
  `id` int(11) NOT NULL AUTO_INCREMENT,
  `server_ip` varchar(255) COLLATE utf8_unicode_ci NOT NULL COMMENT '服务器IP',
  `owner` varchar(255) COLLATE utf8_unicode_ci NOT NULL DEFAULT '-' COMMENT '服务器所有者',
  `usage` varchar(255) COLLATE utf8_unicode_ci NOT NULL DEFAULT '-' COMMENT '服务器用途',
  `server_type` int(10) NOT NULL DEFAULT '4' COMMENT '机器类型：1-虚拟机 2-物理机',
  `cpu` varchar(32) COLLATE utf8_unicode_ci DEFAULT '0' COMMENT 'cpu核数',
  `memory` varchar(32) COLLATE utf8_unicode_ci DEFAULT '0' COMMENT '内存total',
  `disk` varchar(32) COLLATE utf8_unicode_ci DEFAULT '0' COMMENT '硬盘total',
  `create_time` datetime DEFAULT NULL COMMENT '创建时间',
  `modify_time` datetime DEFAULT NULL COMMENT '更新时间',
  PRIMARY KEY (`id`)
) ENGINE=InnoDB AUTO_INCREMENT=51 DEFAULT CHARSET=utf8 COLLATE=utf8_unicode_ci COMMENT='测试组服务器管理表';

/*Data for the table `test_group_servers` */

insert  into `test_group_servers`(`id`,`server_ip`,`owner`,`usage`,`server_type`,`cpu`,`memory`,`disk`,`create_time`,`modify_time`) values (11,'172.16.16.153','王文娟','crm端专用',1,'8核/2GHz','16G','500G','2017-08-24 19:13:05','2017-08-25 16:12:41'),(12,'172.16.16.105','郝跃勋','接口测试平台',1,'8核/2GHz','8G','64G','2017-08-25 10:47:05',NULL),(13,'172.16.16.152','张波','主站和bbs测试',1,'8核','16G','500G','2017-08-25 16:21:47',NULL),(14,'172.16.0.36','张波','主站与wap测试',1,'2核','4G','100G','2017-08-25 16:37:58',NULL),(15,'172.16.16.10','张波','主站与wap测试',1,'2核','4G','100G','2017-08-25 16:40:09',NULL),(16,'172.16.0.37','彭斌','主站与wap测试',1,'2核','4G','100G','2017-08-25 16:40:42',NULL),(17,'172.16.0.56','彭斌','主站班课测试',1,'2核','4G','100G','2017-08-25 16:41:17',NULL),(18,'172.16.0.52','刘芸朔','可确认收入',1,'2核','4G','100G','2017-08-25 16:42:02',NULL),(19,'172.16.0.85','刘芸朔','主站与wap测试',1,'2核','4G','100G','2017-08-25 16:50:27',NULL),(20,'172.16.16.9','安冬','IGS改版项目',1,'2核','4G','100G','2017-08-25 16:52:28',NULL),(21,'172.16.0.118','周金龙','test222',1,'4核','8G','500G','2017-08-25 16:53:13',NULL),(22,'172.16.0.12','周金龙','erp专用',1,'2核','4G','100G','2017-08-25 16:53:48',NULL),(23,'172.16.0.43','王文娟','crm端oauth权限系统专用',1,'4核','4G','60G','2017-08-25 16:55:18',NULL),(24,'172.16.16.171','孙小莉','crm端cc相关项目',1,'4核','8G','500G','2017-08-25 16:55:53',NULL),(25,'172.16.16.49','孙小莉','crm端专用',1,'4核','8G','500G','2017-08-25 16:56:21',NULL),(26,'172.16.16.114','董慧燕','crm端专用',1,'4核','8G','500G','2017-08-25 16:56:51',NULL),(27,'172.16.0.35','曹宝玲','crm端专用',1,'2核','4G','500G','2017-08-25 16:57:19',NULL),(28,'172.16.0.193','马灵','erp端专用',1,'4核','4G','500G','2017-08-25 16:57:54',NULL),(29,'172.16.16.116','刘洋','erp端专用',1,'4核 ','8G','500G','2017-08-25 16:58:56',NULL),(30,'172.16.16.113','毕晓雪','erp端专用',1,'4核','8G','500G','2017-08-25 16:59:23',NULL),(31,'172.16.16.187','何庆松','erp端专用',1,'4核','8G','500G','2017-08-25 16:59:49',NULL),(32,'172.16.16.83','邓裕','SVC压力测试环境核心处理服务',2,'12 CPUs@2.10GHz','64G','660G','2017-08-28 10:47:32','2017-08-28 10:48:15'),(33,'172.16.16.70','邓裕','SVC压力测试环境SVC接入服务及压力机',2,'16 CPUs@2.10GHz','128G','3T','2017-08-28 10:49:31','2017-08-28 10:49:47'),(34,'172.16.16.85','邓裕','SVC压力测试环境接入服务及压力机',2,'16 CPUs@2.10GHz','128G','3T','2017-08-28 10:50:43',NULL),(35,'172.16.0.95','邓裕','微信直播网关及压力机',2,'6 CPUs@1.90GHz','32G','1T','2017-08-28 10:52:00',NULL),(40,'172.16.16.222','张世哲','一对多测试环境-CCS',1,'8核','16G','500G','2017-08-28 11:13:46','2017-08-28 11:20:39'),(41,'172.16.16.223','张世哲','一对多测试环境-PHP API ACI',1,'8核','16G','500G','2017-08-28 11:14:47','2017-08-28 11:20:47'),(42,'172.16.16.224','张世哲','一对多测试环境-APP',1,'8核','16G','500G','2017-08-28 11:15:19','2017-08-28 11:20:52'),(43,'172.16.16.225','张世哲','一对多测试环境-GK/SMS',1,'8核','16G','500G','2017-08-28 11:16:19','2017-08-28 11:20:58'),(44,'172.16.16.226','张世哲','一对多测试环境-TASK/CRON/queue',1,'8核','16G','500G','2017-08-28 11:16:48','2017-08-28 11:21:05'),(45,'172.16.16.227','张世哲','一对多测试环境-SSO',1,'8核','16G','500G','2017-08-28 11:17:38','2017-08-28 11:21:10'),(46,'172.16.16.228','张世哲','一对多测试环境-B2S服务',1,'8核','16G','500G','2017-08-28 11:18:09','2017-08-28 11:21:16'),(47,'172.16.16.229','张世哲','一对多测试环境-java Consumer 包括课程、约课、老师、教材、1对1、商品、订单、可确认收入、分类、评价、发号、zookeeper',1,'16核','22G','500G','2017-08-28 11:18:48',NULL),(48,'172.16.16.230','张世哲','一对多测试环境-Java Provider 包括课程、约课、老师、教材、1对1、商品、订单、可确认收入、分类、评价、发号',1,'16核','22G','500G','2017-08-28 11:19:23',NULL),(49,'172.16.16.184','张世哲','一对多测试环境-DB&Redis 共享存储',2,'无','无','850G','2017-08-28 11:20:13','2017-08-28 11:24:04');

/*Table structure for table `user` */

DROP TABLE IF EXISTS `user`;

CREATE TABLE `user` (
  `id` int(11) NOT NULL,
  `name` text,
  `email` text,
  `passwd` text,
  `last_modified` double DEFAULT NULL,
  PRIMARY KEY (`id`)
) ENGINE=MyISAM DEFAULT CHARSET=latin1;

/*Data for the table `user` */

insert  into `user`(`id`,`name`,`email`,`passwd`,`last_modified`) values (96900,'Ada','ada@test.org','A-12345',1481687167.97132),(96901,'Adam','adam@test.org','A-12345',1481687167.97139),(100,'Alice','alice@test.org','ABC-12345',1481687167.98197),(101,'Sarah','sarah@test.org','ABC-12345',1481687167.98206),(900301,'Python','Python@test.org','PYTHON',1481687167.99046),(900302,'Ruby','Ruby@test.org','RUBY',1481687167.99411),(1000,'Michael','michael@example.org','654321',1481687167.99828),(8080,'Julia','Julia@test.org','JULIA',1481687168.00658),(9090,'Robert','Robert@test.org','ROBERT',1481687168.01032);

/*!40101 SET SQL_MODE=@OLD_SQL_MODE */;
/*!40014 SET FOREIGN_KEY_CHECKS=@OLD_FOREIGN_KEY_CHECKS */;
/*!40014 SET UNIQUE_CHECKS=@OLD_UNIQUE_CHECKS */;
/*!40111 SET SQL_NOTES=@OLD_SQL_NOTES */;
